categories,source,title,date_text,place,fee,url
🍜 飲食,サツイベ(中央区),Meets!神戸フェア in チカホ,2026年 9月 4日 ～ 9月 5日,札幌駅前通地下歩行空間,0円 「旅する楽しさ、ここで見つける。」をテーマに、飛行機で約2時間の距離にある,https://sapporo.magazine.events/area/chuou-ku/83130.html
🍜 飲食,サツイベ(中央区),六軒村で楽しむ小さな秋のマルシェ,2026年 9月 21日,六軒村しふぉん,0円,https://sapporo.magazine.events/area/toyohira-ku/83209.html
🎵 音楽ライブ,イベンターノート(Zepp Sapporo),ハライチのターン！10周年記念 Zepp TOUR! 北海道公演,2027-09-18 (土),Zepp Sapporo,,https://www.eventernote.com/events/470503
🎵 音楽ライブ,イベンターノート(Zepp Sapporo),「カキンツハルカLive Tour 2027 -AGAIN-」北海道,2027-01-17 (日),Zepp Sapporo,,https://www.eventernote.com/events/483933
🎵 音楽ライブ,イベンターノート(Zepp Sapporo),ももいろクローバーZ クリスマスツアー2026 「ももクリDelivery」12/3,2026-12-03 (木),Zepp Sapporo,,https://www.eventernote.com/events/490568
🎵 音楽ライブ,イベンターノート(Zepp Sapporo),“Bad For Education Tour II (2026)” Zepp Sapporo Day2,2026-11-18 (水),Zepp Sapporo,,https://www.eventernote.com/events/490235
🎵 音楽ライブ,イベンターノート(Zepp Sapporo),“Bad For Education Tour II (2026)” Zepp Sapporo Day1,2026-11-17 (火),Zepp Sapporo,,https://www.eventernote.com/events/490234
🎵 音楽ライブ,イベンターノート(Zepp Sapporo),乃木坂46 6期⽣全国ツアー2026 北海道公演 Day.2,2026-11-11 (水),Zepp Sapporo,,https://www.eventernote.com/events/489958
🎵 音楽ライブ,イベンターノート(Zepp Sapporo),乃木坂46 6期⽣全国ツアー2026 北海道公演 Day.1,2026-11-10 (火),Zepp Sapporo,,https://www.eventernote.com/events/489957
🎵 音楽ライブ,イベンターノート(Zepp Sapporo),04 Limited Sazabys ONE MAN TOUR 2026【北海道】,2026-11-01 (日),Zepp Sapporo,,https://www.eventernote.com/events/475040
🎵 音楽ライブ,イベンターノート(Zepp Sapporo),THE YELLOW MONKEY TOUR 2026 THE COUNTDOWN 〜60分1本勝負〜 北海道公演,2026-09-26 (土),Zepp Sapporo,,https://www.eventernote.com/events/480274
🎵 音楽ライブ,イベンターノート(Zepp Sapporo),【中止】 岡崎体育 10th Anniversary Tour “Zepp10連単総流し” ＜ウエスチャンピオンシップ＞,2026-09-20 (日),Zepp Sapporo,,https://www.eventernote.com/events/471437
🎵 音楽ライブ,イベンターノート(Zepp Sapporo),FICTIONAL JAPAN ROAD 2026 北海道,2026-09-13 (日),Zepp Sapporo,,https://www.eventernote.com/events/490707
🎵 音楽ライブ,イベンターノート(Zepp Sapporo),LOVEBITES「OUTSTANDING TOUR - JAPAN 2026」北海道公演,2026-09-11 (金),Zepp Sapporo,,https://www.eventernote.com/events/471030
🎵 音楽ライブ,イベンターノート(Zepp Sapporo),RADWIMPS Official Fan Club Tour 2026 “ユーリンチー” 札幌,2026-08-25 (火),Zepp Sapporo,,https://www.eventernote.com/events/480076
🎵 音楽ライブ,イベンターノート(Zepp Sapporo),ブルアカ 5th Anniversary DJふぇす！つあー☆ in Sapporo,2026-08-15 (土),Zepp Sapporo,,https://www.eventernote.com/events/478849
🎵 音楽ライブ,イベンターノート(Zepp Sapporo),Vaundy VAWS one man live 2026 at Zepp Sapporo 2026/08/13,2026-08-13 (木),Zepp Sapporo,,https://www.eventernote.com/events/482648
🎵 音楽ライブ,イベンターノート(Zepp Sapporo),Vaundy VAWS one man live 2026 at Zepp Sapporo 2026/08/12,2026-08-12 (水),Zepp Sapporo,,https://www.eventernote.com/events/482647
🎵 音楽ライブ,イベンターノート(Zepp Sapporo),Age Factory x ENTH x Paledusk presents 「GOBLIN」TOUR 2026 札幌公演,2026-08-06 (木),Zepp Sapporo,,https://www.eventernote.com/events/479478
🎵 音楽ライブ,イベンターノート(Zepp Sapporo),ファントムシータ Zepp TOUR 2026「ふぁんとむ♥らんど」北海道,2026-07-19 (日),Zepp Sapporo,,https://www.eventernote.com/events/458939
🎵 音楽ライブ,イベンターノート(Zepp Sapporo),斉藤壮馬 Zepp Live Tour 2026【北海道公演】,2026-07-05 (日),Zepp Sapporo,,https://www.eventernote.com/events/459740
🎵 音楽ライブ,イベンターノート(Zepp Sapporo),鈴木愛理 LIVE 2026 ll:Bias by us:ll 北海道公演,2026-07-04 (土),Zepp Sapporo,,https://www.eventernote.com/events/465723
🎵 音楽ライブ,イベンターノート(Zepp Sapporo),BLUE ENCOUNT 2MAN TOUR2026 ASSEMBLE A NEW AGE -season3 北海道,2026-06-20 (土),Zepp Sapporo,,https://www.eventernote.com/events/466150
🎵 音楽ライブ,イベンターノート(Zepp Sapporo),iLiFE! Zeppツアー 「TRAVELiFE! 2026」@Zepp Sapporo,2026-06-14 (日),Zepp Sapporo,,https://www.eventernote.com/events/460132
🎵 音楽ライブ,イベンターノート(Zepp Sapporo),i☆Ris 11th Live Tour 2026～VINTAGEイイ味出てます～ 北海道公演,2026-05-16 (土),Zepp Sapporo,,https://www.eventernote.com/events/456619
🎵 音楽ライブ,イベンターノート(Zepp Sapporo),BEYOND SCENE 2026 in Sapporo,2026-05-09 (土),Zepp Sapporo,,https://www.eventernote.com/events/466193
🎵 音楽ライブ,イベンターノート(Zepp Sapporo),"Aooo Live Tour ""RINGRING"" HOKKAIDO",2026-05-08 (金),Zepp Sapporo,,https://www.eventernote.com/events/454683
🎵 音楽ライブ,イベンターノート(Zepp Sapporo),Juice=Juice LIVE TOUR 2026 UP TO 11 5/4➁,2026-05-04 (月),Zepp Sapporo,,https://www.eventernote.com/events/477620
🎵 音楽ライブ,イベンターノート(Zepp Sapporo),Juice=Juice LIVE TOUR 2026 UP TO 11 5/4①,2026-05-04 (月),Zepp Sapporo,,https://www.eventernote.com/events/470640
🎵 音楽ライブ,イベンターノート(Zepp Sapporo),HIMEHINA ASIA Tour 2026『LIFETIME is BUBBLIN』 札幌,2026-05-02 (土),Zepp Sapporo,,https://www.eventernote.com/events/453162
🎵 音楽ライブ,イベンターノート(Zepp Sapporo),AKB48 67thSG『名残り桜』初回限定盤 発売記念「札幌握手会」,2026-04-19 (日),Zepp Sapporo,,https://www.eventernote.com/events/470806
🎵 音楽ライブ,イベンターノート(Zepp Sapporo),UVERworld ZERO LAG TOUR 北海道公演DAY2,2026-03-27 (金),Zepp Sapporo,,https://www.eventernote.com/events/458552
🎵 音楽ライブ,イベンターノート(Zepp Sapporo),UVERworld ZERO LAG TOUR 北海道公演DAY1,2026-03-26 (木),Zepp Sapporo,,https://www.eventernote.com/events/458551
🎵 音楽ライブ,イベンターノート(Zepp Sapporo),AVAM 3rd Anniversary Zepp Tour 『RE:BORNEDGE』,2026-03-21 (土),Zepp Sapporo,,https://www.eventernote.com/events/469466
🎵 音楽ライブ,イベンターノート(Zepp Sapporo),THE ORAL CIGARETTES「ERASE the BORDER TOUR 2026」北海道公演,2026-03-07 (土),Zepp Sapporo,,https://www.eventernote.com/events/456891
🎵 音楽ライブ,イベンターノート(Zepp Sapporo),限りなく白く Oneman Live 「STARLIGHT」,2026-03-02 (月),Zepp Sapporo,,https://www.eventernote.com/events/436321
🎵 音楽ライブ,イベンターノート(Zepp Sapporo),トゲナシトゲアリ Zepp Tour 2026 “拍動の未来” Zepp Sapporo,2026-02-28 (土),Zepp Sapporo,,https://www.eventernote.com/events/445737
🎵 音楽ライブ,イベンターノート(Zepp Sapporo),CUTIE STREET OFFICIAL FAN CLUB TOUR 2026 WINTER きゅーてすとのつどい 北海道公演,2026-02-27 (金),Zepp Sapporo,,https://www.eventernote.com/events/451175
🎵 音楽ライブ,イベンターノート(Zepp Sapporo),高嶺のなでしこ Live Tour - Bouquet of 9 Flowers – ＠Zepp Sapporo 第一部,2026-02-14 (土),Zepp Sapporo,,https://www.eventernote.com/events/452363
🎵 音楽ライブ,イベンターノート(Zepp Sapporo),高嶺のなでしこ Live Tour - Bouquet of 9 Flowers – ＠Zepp Sapporo 第二部,2026-02-14 (土),Zepp Sapporo,,https://www.eventernote.com/events/452768
🎵 音楽ライブ,イベンターノート(Zepp Sapporo),いぎなり東北産『いぎなりZeppツアー うま年 〜ペガサスときらめきパレード〜』＜北海道＞,2026-02-08 (日),Zepp Sapporo,,https://www.eventernote.com/events/436954
🎵 音楽ライブ,イベンターノート(Zepp Sapporo),木曜定期公演スペシャルステージ 新春ZeppSP！,2026-01-29 (木),Zepp Sapporo,,https://www.eventernote.com/events/457293
🎵 音楽ライブ,イベンターノート(Zepp Sapporo),全国ツアー『JAPANLiFE! 2025』札幌公演,2026-01-27 (火),Zepp Sapporo,,https://www.eventernote.com/events/452333
🎵 音楽ライブ,イベンターノート(Zepp Sapporo),谷乃愛 生誕祭 2025,2025-12-28 (日),Zepp Sapporo,,https://www.eventernote.com/events/450304
🎵 音楽ライブ,イベンターノート(Zepp Sapporo),山下彩耶 生誕祭 2025,2025-12-06 (土),Zepp Sapporo,,https://www.eventernote.com/events/451876
🎵 音楽ライブ,イベンターノート(Zepp Sapporo),SWEET STEADY JAPAN TOUR 2025 - AUTUMN - Zepp Sapporo,2025-11-20 (木),Zepp Sapporo,,https://www.eventernote.com/events/433991
🎵 音楽ライブ,イベンターノート(Zepp Sapporo),Suchmos「Asia Tour Sunburst 2025」HOKKAIDO,2025-11-14 (金),Zepp Sapporo,,https://www.eventernote.com/events/434510
🎵 音楽ライブ,イベンターノート(Zepp Sapporo),LINDBERG LIVE TOUR 2025「BLACK SPIDER」札幌公演,2025-11-07 (金),Zepp Sapporo,,https://www.eventernote.com/events/436709
🎵 音楽ライブ,イベンターノート(Zepp Sapporo),「田村ゆかり Fanclub Tour 2025 Soundrops Ⅱ」北海道公演,2025-11-02 (日),Zepp Sapporo,,https://www.eventernote.com/events/440741
🎵 音楽ライブ,イベンターノート(Zepp Sapporo),CANDY TUNE JAPAN TOUR 2025 - AUTUMN - 北海道公演,2025-10-23 (木),Zepp Sapporo,,https://www.eventernote.com/events/427626
🎵 音楽ライブ,イベンターノート(Zepp Sapporo),粗品 全国五大都市ツアー「新世界より」札幌公演,2025-10-21 (火),Zepp Sapporo,,https://www.eventernote.com/events/438729
🎵 音楽ライブ,イベンターノート(Zepp Sapporo),ONE MAN JAPAN TOUR 2025 OPTIMIZE 北海道公演,2025-10-17 (金),Zepp Sapporo,,https://www.eventernote.com/events/437835
🎵 音楽ライブ,イベンターノート(Zepp Sapporo),THE ORAL CIGARETTES 「ALL MY LIFE TOUR 2025」北海道公演,2025-10-14 (火),Zepp Sapporo,,https://www.eventernote.com/events/427908
🎵 音楽ライブ,イベンターノート(Zepp Sapporo),"""Sono nanika in my daze"" Release Tour 2025 札幌",2025-10-13 (月),Zepp Sapporo,,https://www.eventernote.com/events/432183
🎵 音楽ライブ,イベンターノート(Zepp Sapporo),Fan Meeting Tour 2025〜かんぱいしるこの部屋〜 北海道公演,2025-10-12 (日),Zepp Sapporo,,https://www.eventernote.com/events/442526
🎵 音楽ライブ,イベンターノート(Zepp Sapporo),Chevon pre.よしなに~全国編~ 札幌公演,2025-10-07 (火),Zepp Sapporo,,https://www.eventernote.com/events/443705
🎵 音楽ライブ,イベンターノート(Zepp Sapporo),Takashi Utsunomiya Tour 2025 U Mix ♯3 北海道公演,2025-10-04 (土),Zepp Sapporo,,https://www.eventernote.com/events/446366
🎵 音楽ライブ,イベンターノート(Zepp Sapporo),陰陽座ツアー2025『吟澪』北海道公演,2025-09-30 (火),Zepp Sapporo,,https://www.eventernote.com/events/439696
🎵 音楽ライブ,イベンターノート(Zepp Sapporo),UVERworld THE LIVE 2025～誠果生誕祭～,2025-09-25 (木),Zepp Sapporo,,https://www.eventernote.com/events/429032
🎵 音楽ライブ,イベンターノート(Zepp Sapporo),UVERworld THE LIVE 2025～北海道公演2日目～,2025-09-24 (水),Zepp Sapporo,,https://www.eventernote.com/events/429031
🎵 音楽ライブ,イベンターノート(Zepp Sapporo),Girls² New Era Release Party 北海道公演,2025-09-21 (日),Zepp Sapporo,,https://www.eventernote.com/events/437561
🎵 音楽ライブ,イベンターノート(Zepp Sapporo),聖飢魔II 魔人倶楽部40th 会員限定 『第19回信者の集ひ』札幌・第二回目,2025-09-15 (月),Zepp Sapporo,,https://www.eventernote.com/events/434158
🎵 音楽ライブ,イベンターノート(北海きたえーる),BUMP OF CHICKEN TOUR 2026 北海道公演 DAY2,2026-10-18 (日),北海きたえーる,,https://www.eventernote.com/events/456641
🎵 音楽ライブ,イベンターノート(北海きたえーる),BUMP OF CHICKEN TOUR 2026 北海道公演 DAY1,2026-10-17 (土),北海きたえーる,,https://www.eventernote.com/events/456639
🎵 音楽ライブ,イベンターノート(北海きたえーる),なにわ男子 LIVE TOUR 2026 「ND⁵」 北海道 2日目,2026-07-12 (日),北海きたえーる,,https://www.eventernote.com/events/475252
🎵 音楽ライブ,イベンターノート(北海きたえーる),なにわ男子 LIVE TOUR 2026 「ND⁵」 北海道 1日目 昼公演,2026-07-11 (土),北海きたえーる,,https://www.eventernote.com/events/475250
🎵 音楽ライブ,イベンターノート(北海きたえーる),なにわ男子 LIVE TOUR 2026 「ND⁵」 北海道 1日目 夜公演,2026-07-11 (土),北海きたえーる,,https://www.eventernote.com/events/475251
🎵 音楽ライブ,イベンターノート(北海きたえーる),FRUITS ZIPPER 4TH ANNIVERSARY ARENA TOUR「DREAM WITH IN」北海道公演2日目,2026-06-07 (日),北海きたえーる,,https://www.eventernote.com/events/481088
🎵 音楽ライブ,イベンターノート(北海きたえーる),FRUITS ZIPPER 4TH ANNIVERSARY ARENA TOUR「DREAM WITH IN」北海道公演1日目,2026-06-06 (土),北海きたえーる,,https://www.eventernote.com/events/480937
🎵 音楽ライブ,イベンターノート(北海きたえーる),芸能生活30周年記念！！大泉洋リサイタル２-リベンジ- 札幌公演DAY2,2026-05-31 (日),北海きたえーる,,https://www.eventernote.com/events/470252
🎵 音楽ライブ,イベンターノート(北海きたえーる),芸能生活30周年記念！！大泉洋リサイタル２-リベンジ- 札幌公演DAY1,2026-05-30 (土),北海きたえーる,,https://www.eventernote.com/events/470253
🎵 音楽ライブ,イベンターノート(北海きたえーる),NiziU Live with U 2026 “NEW EvoNUtion”北海道公演2日目,2026-02-28 (土),北海きたえーる,,https://www.eventernote.com/events/462811
🎵 音楽ライブ,イベンターノート(北海きたえーる),NiziU Live with U 2026 “NEW EvoNUtion”北海道公演1日目,2026-02-27 (金),北海きたえーる,,https://www.eventernote.com/events/453313
🎵 音楽ライブ,イベンターノート(北海きたえーる),＝LOVE 8th ANNIVERSARY PREMIUM TOUR 北海道公演Day2,2025-11-23 (日),北海きたえーる,,https://www.eventernote.com/events/436978
🎵 音楽ライブ,イベンターノート(北海きたえーる),＝LOVE 8th ANNIVERSARY PREMIUM TOUR 北海道公演Day1,2025-11-22 (土),北海きたえーる,,https://www.eventernote.com/events/436977
🎵 音楽ライブ,イベンターノート(北海きたえーる),Fall In Love With You Again Tour 2025 北海道 Day.2,2025-06-01 (日),北海きたえーる,,https://www.eventernote.com/events/406268
🎵 音楽ライブ,イベンターノート(北海きたえーる),Fall In Love With You Again Tour 2025 北海道 Day.1,2025-05-31 (土),北海きたえーる,,https://www.eventernote.com/events/406267
🎵 音楽ライブ,イベンターノート(北海きたえーる),Gen Hoshino presents MAD HOPE 北海道公演 DAY2,2025-05-25 (日),北海きたえーる,,https://www.eventernote.com/events/419546
🎵 音楽ライブ,イベンターノート(北海きたえーる),Gen Hoshino presents MAD HOPE 北海道公演 DAY1,2025-05-24 (土),北海きたえーる,,https://www.eventernote.com/events/419547
🎵 音楽ライブ,イベンターノート(北海きたえーる),SAPPORO COLLECTION 2025 SPRING/SUMMER,2025-04-26 (土),北海きたえーる,,https://www.eventernote.com/events/419649
🎵 音楽ライブ,イベンターノート(北海きたえーる),YUZU ARENA TOUR 2024-2025 図鑑 北海道公演 DAY2,2025-02-09 (日),北海きたえーる,,https://www.eventernote.com/events/382179
🎵 音楽ライブ,イベンターノート(北海きたえーる),YUZU ARENA TOUR 2024-2025 図鑑 北海道公演 DAY1,2025-02-08 (土),北海きたえーる,,https://www.eventernote.com/events/382178
🎵 音楽ライブ,イベンターノート(北海きたえーる),"SAKANAQUARIUM 2024 ""turn"" 北海道",2024-05-24 (金),北海きたえーる,,https://www.eventernote.com/events/368436
🎵 音楽ライブ,イベンターノート(北海きたえーる),19thライヴサーキット“PG wasn’t built in a day” 北海道公演,2024-01-20 (土),北海きたえーる,,https://www.eventernote.com/events/351400
🎵 音楽ライブ,イベンターノート(北海きたえーる),SAPPORO COLLECTION 2023 AUTUMN/WINTER,2023-11-04 (土),北海きたえーる,,https://www.eventernote.com/events/352470
🎵 音楽ライブ,イベンターノート(北海きたえーる),Get it Get it Go! SUMMER PARTY 2023 北海道,2023-07-08 (土),北海きたえーる,,https://www.eventernote.com/events/342251
🎵 音楽ライブ,イベンターノート(北海きたえーる),米津玄師 2023 TOUR / 空想 北海道公演 2日目,2023-05-21 (日),北海きたえーる,,https://www.eventernote.com/events/328206
🎵 音楽ライブ,イベンターノート(北海きたえーる),米津玄師 2023 TOUR / 空想 北海道公演 1日目,2023-05-20 (土),北海きたえーる,,https://www.eventernote.com/events/328205
🎵 音楽ライブ,イベンターノート(北海きたえーる),BUMP OF CHICKEN TOUR 2023 be there 2023/4/20(木) 北海道公演,2023-04-20 (木),北海きたえーる,,https://www.eventernote.com/events/324231
🎵 音楽ライブ,イベンターノート(北海きたえーる),YOASOBI ARENA TOUR 2023＜北海道公演＞4月16日(日),2023-04-16 (日),北海きたえーる,,https://www.eventernote.com/events/321981
🎵 音楽ライブ,イベンターノート(北海きたえーる),YOASOBI ARENA TOUR 2023＜北海道公演＞4月15日(土),2023-04-15 (土),北海きたえーる,,https://www.eventernote.com/events/321980
🎵 音楽ライブ,イベンターノート(北海きたえーる),「ラブライブ！スーパースター!! Liella! 3rd LoveLive! Tour ～WE WILL!!～」＜北海道公演＞Day2,2023-01-14 (土),北海きたえーる,,https://www.eventernote.com/events/314989
🎵 音楽ライブ,イベンターノート(北海きたえーる),「ラブライブ！スーパースター!! Liella! 3rd LoveLive! Tour ～WE WILL!!～」＜北海道公演＞Day1,2023-01-13 (金),北海きたえーる,,https://www.eventernote.com/events/314988
🎵 音楽ライブ,イベンターノート(北海きたえーる),Perfume 9th Tour 2022 “PLASMA” 北海道公演2日目,2022-11-06 (日),北海きたえーる,,https://www.eventernote.com/events/310270
🎵 音楽ライブ,イベンターノート(北海きたえーる),Perfume 9th Tour 2022 “PLASMA” 北海道公演1日目,2022-11-05 (土),北海きたえーる,,https://www.eventernote.com/events/310269
🎵 音楽ライブ,イベンターノート(北海きたえーる),Sapporo Collection 2022 Autumn/Winter,2022-10-29 (土),北海きたえーる,,https://www.eventernote.com/events/323975
🎵 音楽ライブ,イベンターノート(北海きたえーる),B’z LIVE-GYM 2022 -Highway X- 北海道公演1日目,2022-06-04 (土),北海きたえーる,,https://www.eventernote.com/events/304686
🎵 音楽ライブ,イベンターノート(北海きたえーる),サカナクション 全国アリーナツアー 2021-2022 北海道公演 2日目,2022-01-15 (土),北海きたえーる,,https://www.eventernote.com/events/293112
🎵 音楽ライブ,イベンターノート(北海きたえーる),サカナクション 全国アリーナツアー 2021-2022 北海道公演 1日目,2022-01-14 (金),北海きたえーる,,https://www.eventernote.com/events/293111
🎵 音楽ライブ,イベンターノート(北海きたえーる),"GLAY ARENA TOUR 2021 ""FREEDOM ONLY"" 北海道 2日目",2021-11-21 (日),北海きたえーる,,https://www.eventernote.com/events/283937
🎵 音楽ライブ,イベンターノート(北海きたえーる),"GLAY ARENA TOUR 2021 ""FREEDOM ONLY"" 北海道 初日",2021-11-20 (土),北海きたえーる,,https://www.eventernote.com/events/283936
🎵 音楽ライブ,イベンターノート(北海きたえーる),【振替公演:4/5分→中止】米津玄師 2020 TOUR / HYPE 北海道公演 1日目,2020-10-12 (月),北海きたえーる,,https://www.eventernote.com/events/252773
🎵 音楽ライブ,イベンターノート(北海きたえーる),【振替公演:4/4分→中止】米津玄師 2020 TOUR / HYPE 北海道公演 1日目,2020-10-11 (日),北海きたえーる,,https://www.eventernote.com/events/252772
🎵 音楽ライブ,イベンターノート(北海きたえーる),【再延期】Official髭男dism Tour 2020 - Arena Travelers - 北海道公演2日目,2020-08-02 (日),北海きたえーる,,https://www.eventernote.com/events/242515
🎵 音楽ライブ,イベンターノート(北海きたえーる),【再延期】Official髭男dism Tour 2020 - Arena Travelers - 北海道公演1日目,2020-08-01 (土),北海きたえーる,,https://www.eventernote.com/events/242514
🎵 音楽ライブ,イベンターノート(北海きたえーる),"【中止もしくは延期】FANTASTICS LIVE TOUR 2020 ""FNT"" 6/14 北海道公演",2020-06-14 (日),北海きたえーる,,https://www.eventernote.com/events/238848
🎵 音楽ライブ,イベンターノート(北海きたえーる),【中止もしくは延期】E-girls PERFECT LIVE 2011→2020 北海道公演6/13,2020-06-13 (土),北海きたえーる,,https://www.eventernote.com/events/232602
🎵 音楽ライブ,イベンターノート(北海きたえーる),【延期】YUZU ARENA TOUR 2020 北海道2日目,2020-05-24 (日),北海きたえーる,,https://www.eventernote.com/events/217333
🎵 音楽ライブ,イベンターノート(北海きたえーる),【延期】YUZU ARENA TOUR 2020 北海道1日目,2020-05-23 (土),北海きたえーる,,https://www.eventernote.com/events/217332
🎵 音楽ライブ,イベンターノート(北海きたえーる),【延期→10/12】米津玄師 2020 TOUR / HYPE 北海道公演 2日目,2020-04-05 (日),北海きたえーる,,https://www.eventernote.com/events/242586
🎵 音楽ライブ,イベンターノート(北海きたえーる),【延期→10/11】米津玄師 2020 TOUR / HYPE 北海道公演 1日目,2020-04-04 (土),北海きたえーる,,https://www.eventernote.com/events/242585
🎵 音楽ライブ,イベンターノート(北海きたえーる),ミュージカル『刀剣乱舞』 歌合 乱舞狂乱 2019 (北海道 12/7昼),2019-12-07 (土),北海きたえーる,,https://www.eventernote.com/events/223526
🎵 音楽ライブ,イベンターノート(北海きたえーる),ミュージカル『刀剣乱舞』 歌合 乱舞狂乱 2019 (北海道 12/7夜),2019-12-07 (土),北海きたえーる,,https://www.eventernote.com/events/223525
🎵 音楽ライブ,イベンターノート(北海きたえーる),ミュージカル『刀剣乱舞』 歌合 乱舞狂乱 2019 (北海道 12/6),2019-12-06 (金),北海きたえーる,,https://www.eventernote.com/events/223524
🎵 音楽ライブ,イベンターノート(北海きたえーる),GLAY ARENA TOUR 2019-2020 DEMOCRACY 25th HOTEL GLAY THE SUITE ROOM 札幌2日目,2019-12-01 (日),北海きたえーる,,https://www.eventernote.com/events/210962
🎵 音楽ライブ,イベンターノート(北海きたえーる),GLAY ARENA TOUR 2019-2020 DEMOCRACY 25th HOTEL GLAY THE SUITE ROOM 札幌1日目,2019-11-30 (土),北海きたえーる,,https://www.eventernote.com/events/210961
🎵 音楽ライブ,イベンターノート(北海きたえーる),ARGONAVIS presents WGP2019 札幌会場,2019-09-29 (日),北海きたえーる,,https://www.eventernote.com/events/225397
🎵 音楽ライブ,イベンターノート(北海きたえーる),ARGONAVIS presents WGP2019 札幌会場 クロージングステージ,2019-09-28 (土),北海きたえーる,,https://www.eventernote.com/events/227016
🎵 音楽ライブ,イベンターノート(北海きたえーる),ARGONAVIS presents WGP2019 札幌会場 オープニングステージ,2019-09-28 (土),北海きたえーる,,https://www.eventernote.com/events/226990
🎵 音楽ライブ,イベンターノート(北海きたえーる),ARGONAVIS presents WGP2019 札幌会場 ゲストとレッツ！ヴァイスシュヴァルツ!! チャレンジファイト,2019-09-28 (土),北海きたえーる,,https://www.eventernote.com/events/227008
🎵 音楽ライブ,イベンターノート(北海きたえーる),ARGONAVIS presents WGP2019 札幌会場 トークステージ カードゲーム女子部,2019-09-28 (土),北海きたえーる,,https://www.eventernote.com/events/226993
🎵 音楽ライブ,イベンターノート(北海きたえーる),ARGONAVIS presents WGP2019 札幌会場 トライアルデッキ＋(プラス)お渡し会,2019-09-28 (土),北海きたえーる,,https://www.eventernote.com/events/227004
🎵 音楽ライブ,イベンターノート(札幌文化芸術劇場hitaru),「コレサワ ホールツアー2026」北海道,2026-11-23 (月),札幌文化芸術劇場hitaru,,https://www.eventernote.com/events/461139
🎵 音楽ライブ,イベンターノート(札幌文化芸術劇場hitaru),LiVE is Smile Always ～LACE UP～ 札幌公演,2026-11-15 (日),札幌文化芸術劇場hitaru,,https://www.eventernote.com/events/479194
🎵 音楽ライブ,イベンターノート(札幌文化芸術劇場hitaru),milet Hall Tour 2026 北海道・札幌文化芸術劇場hitaru,2026-11-13 (金),札幌文化芸術劇場hitaru,,https://www.eventernote.com/events/481004
🎵 音楽ライブ,イベンターノート(札幌文化芸術劇場hitaru),FRUITS ZIPPER JAPAN TOUR 2026 - AUTUMN - 札幌公演,2026-11-12 (木),札幌文化芸術劇場hitaru,,https://www.eventernote.com/events/467393
🎵 音楽ライブ,イベンターノート(札幌文化芸術劇場hitaru),いきものがかりの みなさん、こんにつあー!! 2026-2027 超全国あんぎゃー!! 〜47都道府県ぐるっと日本一周しまSHOW!!〜 北海道公演,2026-11-03 (火),札幌文化芸術劇場hitaru,,https://www.eventernote.com/events/457842
🎵 音楽ライブ,イベンターノート(札幌文化芸術劇場hitaru),"羊文学 TOUR 2026 ""すーーーはーーー""北海道",2026-10-01 (木),札幌文化芸術劇場hitaru,,https://www.eventernote.com/events/483670
🎵 音楽ライブ,イベンターノート(札幌文化芸術劇場hitaru),西野カナ TOUR 2026 “HEART BEAT” 北海道 Day.2,2026-09-04 (金),札幌文化芸術劇場hitaru,,https://www.eventernote.com/events/476196
🎵 音楽ライブ,イベンターノート(札幌文化芸術劇場hitaru),西野カナ TOUR 2026 “HEART BEAT” 北海道 Day.1,2026-09-03 (木),札幌文化芸術劇場hitaru,,https://www.eventernote.com/events/476197
🎵 音楽ライブ,イベンターノート(札幌文化芸術劇場hitaru),KINASHI CLASSIC in SAPPORO,2026-08-08 (土),札幌文化芸術劇場hitaru,,https://www.eventernote.com/events/466488
🎵 音楽ライブ,イベンターノート(札幌文化芸術劇場hitaru),聖飢魔Ⅱ GREAT BLACK MASS TOUR「SEASONⅡ」【北海道】,2026-07-10 (金),札幌文化芸術劇場hitaru,,https://www.eventernote.com/events/458379
🎵 音楽ライブ,イベンターノート(札幌文化芸術劇場hitaru),HANA 1st TOUR 2026 “Born to Bloom” 北海道公演,2026-05-02 (土),札幌文化芸術劇場hitaru,,https://www.eventernote.com/events/431370
🎵 音楽ライブ,イベンターノート(札幌文化芸術劇場hitaru),20thライヴサーキット“水”北海道3日目,2026-04-21 (火),札幌文化芸術劇場hitaru,,https://www.eventernote.com/events/457528
🎵 音楽ライブ,イベンターノート(札幌文化芸術劇場hitaru),20thライヴサーキット“水”北海道2日目,2026-04-20 (月),札幌文化芸術劇場hitaru,,https://www.eventernote.com/events/457527
🎵 音楽ライブ,イベンターノート(札幌文化芸術劇場hitaru),ナンバーワン戦隊ゴジュウジャー ファイナルライブツアー2026 北海道公演 10:30,2026-04-05 (日),札幌文化芸術劇場hitaru,,https://www.eventernote.com/events/465971
🎵 音楽ライブ,イベンターノート(札幌文化芸術劇場hitaru),ナンバーワン戦隊ゴジュウジャー ファイナルライブツアー2026 北海道公演 14:00,2026-04-05 (日),札幌文化芸術劇場hitaru,,https://www.eventernote.com/events/465972
🎵 音楽ライブ,イベンターノート(札幌文化芸術劇場hitaru),TM NETWORK TOUR 2026 QUANTUM 北海道公演,2026-03-12 (木),札幌文化芸術劇場hitaru,,https://www.eventernote.com/events/446389
🎵 音楽ライブ,イベンターノート(札幌文化芸術劇場hitaru),モーニング娘。'25 コンサートツアー秋 ～Movin’ Forward～ 11/15 札幌 昼公演,2025-11-15 (土),札幌文化芸術劇場hitaru,,https://www.eventernote.com/events/440500
🎵 音楽ライブ,イベンターノート(札幌文化芸術劇場hitaru),モーニング娘。'25 コンサートツアー秋 ～Movin’ Forward～ 11/15 札幌 夜公演,2025-11-15 (土),札幌文化芸術劇場hitaru,,https://www.eventernote.com/events/440501
🎵 音楽ライブ,イベンターノート(札幌文化芸術劇場hitaru),LiSA LiVE is Smile Always～PATCH WALK～ 札幌公演,2025-11-01 (土),札幌文化芸術劇場hitaru,,https://www.eventernote.com/events/426460
🎵 音楽ライブ,イベンターノート(札幌文化芸術劇場hitaru),Vaundy one man live VAWS hall tour “little punk”,2025-10-18 (土),札幌文化芸術劇場hitaru,,https://www.eventernote.com/events/439888
🎵 音楽ライブ,イベンターノート(札幌文化芸術劇場hitaru),コズミックどろ団子ツアー 北海道公演,2025-10-09 (木),札幌文化芸術劇場hitaru,,https://www.eventernote.com/events/449196
🎵 音楽ライブ,イベンターノート(札幌文化芸術劇場hitaru),"≠ME 全国ツアー2025 「We want to find ""カフェ樂園""」北海道公演",2025-07-06 (日),札幌文化芸術劇場hitaru,,https://www.eventernote.com/events/417301
🎵 音楽ライブ,イベンターノート(札幌文化芸術劇場hitaru),billboard classics 山崎育三郎 Premium Symphonic Concert Tour 2025 ～Eleganza～【北海道】,2025-07-02 (水),札幌文化芸術劇場hitaru,,https://www.eventernote.com/events/419693
🎵 音楽ライブ,イベンターノート(札幌文化芸術劇場hitaru),聖飢魔II 地球デビュー40周年 期間限定再集結 大黒ミサツアー 「THE END OF SEASON ONE」北海道,2025-06-28 (土),札幌文化芸術劇場hitaru,,https://www.eventernote.com/events/411104
🎵 音楽ライブ,イベンターノート(札幌文化芸術劇場hitaru),SAKANAQUARIUM 2025 “怪獣” 札幌公演 2日目,2025-05-04 (日),札幌文化芸術劇場hitaru,,https://www.eventernote.com/events/425550
🎵 音楽ライブ,イベンターノート(札幌文化芸術劇場hitaru),SAKANAQUARIUM 2025 “怪獣” 札幌公演 1日目,2025-05-03 (土),札幌文化芸術劇場hitaru,,https://www.eventernote.com/events/425549
🎵 音楽ライブ,イベンターノート(札幌文化芸術劇場hitaru),モーニング娘。'25 コンサートツアー春 ～Mighty Magic～ 4/26 札幌 昼公演,2025-04-26 (土),札幌文化芸術劇場hitaru,,https://www.eventernote.com/events/418432
🎵 音楽ライブ,イベンターノート(札幌文化芸術劇場hitaru),モーニング娘。'25 コンサートツアー春 ～Mighty Magic～ 4/26 札幌 夜公演,2025-04-26 (土),札幌文化芸術劇場hitaru,,https://www.eventernote.com/events/418433
🎵 音楽ライブ,イベンターノート(札幌文化芸術劇場hitaru),爆上戦隊ブンブンジャー ファイナルライブツアー2025 札幌公演 4/20 10:30,2025-04-20 (日),札幌文化芸術劇場hitaru,,https://www.eventernote.com/events/416867
🎵 音楽ライブ,イベンターノート(札幌文化芸術劇場hitaru),爆上戦隊ブンブンジャー ファイナルライブツアー2025 札幌公演 4/20 14:00,2025-04-20 (日),札幌文化芸術劇場hitaru,,https://www.eventernote.com/events/416868
🎵 音楽ライブ,イベンターノート(札幌文化芸術劇場hitaru),Hello! Project 2025 Winter Fes. 「合」 2/15,2025-02-15 (土),札幌文化芸術劇場hitaru,,https://www.eventernote.com/events/402225
🎵 音楽ライブ,イベンターノート(札幌文化芸術劇場hitaru),billboard classics × SNOOPY『Magical Christmas Night 2024』北海道公演,2024-12-12 (木),札幌文化芸術劇場hitaru,,https://www.eventernote.com/events/399703
🎵 音楽ライブ,イベンターノート(札幌文化芸術劇場hitaru),－真天地開闢集団－ジグザグ 札幌,2024-11-30 (土),札幌文化芸術劇場hitaru,,https://www.eventernote.com/events/399148
🎵 音楽ライブ,イベンターノート(札幌文化芸術劇場hitaru),モーニング娘。'24 コンサートツアー秋 WE CAN DANCE ! 札幌 昼公演,2024-11-03 (日),札幌文化芸術劇場hitaru,,https://www.eventernote.com/events/388150
🎵 音楽ライブ,イベンターノート(札幌文化芸術劇場hitaru),モーニング娘。'24 コンサートツアー秋 WE CAN DANCE ! 札幌 夜公演,2024-11-03 (日),札幌文化芸術劇場hitaru,,https://www.eventernote.com/events/388152
🎵 音楽ライブ,イベンターノート(札幌文化芸術劇場hitaru),BUMP OF CHICKEN TOUR 2024 Sphery Rendezvous 北海道公演 2日目,2024-10-16 (水),札幌文化芸術劇場hitaru,,https://www.eventernote.com/events/390096
🎵 音楽ライブ,イベンターノート(札幌文化芸術劇場hitaru),BUMP OF CHICKEN TOUR 2024 Sphery Rendezvous 北海道公演 1日目,2024-10-15 (火),札幌文化芸術劇場hitaru,,https://www.eventernote.com/events/390095
🎵 音楽ライブ,イベンターノート(札幌文化芸術劇場hitaru),【10/1】山下達郎 PERFORMANCE 2024 北海道,2024-10-01 (火),札幌文化芸術劇場hitaru,,https://www.eventernote.com/events/392022
🎵 音楽ライブ,イベンターノート(札幌文化芸術劇場hitaru),billboard classics ELECTRO produced by Tetsuya Komuro (2024/08/12),2024-08-12 (月),札幌文化芸術劇場hitaru,,https://www.eventernote.com/events/389061
🎵 音楽ライブ,イベンターノート(札幌文化芸術劇場hitaru),ミュージカル『この世界の片隅に』 北海道公演 6/9,2024-06-09 (日),札幌文化芸術劇場hitaru,,https://www.eventernote.com/events/369787
🎵 音楽ライブ,イベンターノート(札幌文化芸術劇場hitaru),ミュージカル『この世界の片隅に』 北海道公演 6/8 12:00,2024-06-08 (土),札幌文化芸術劇場hitaru,,https://www.eventernote.com/events/369785
🎵 音楽ライブ,イベンターノート(札幌文化芸術劇場hitaru),ミュージカル『この世界の片隅に』 北海道公演 6/8 17:00,2024-06-08 (土),札幌文化芸術劇場hitaru,,https://www.eventernote.com/events/369786
🎵 音楽ライブ,イベンターノート(札幌文化芸術劇場hitaru),ミュージカル『この世界の片隅に』 北海道公演 6/7,2024-06-07 (金),札幌文化芸術劇場hitaru,,https://www.eventernote.com/events/369784
🎵 音楽ライブ,イベンターノート(札幌文化芸術劇場hitaru),ミュージカル『この世界の片隅に』 北海道公演 6/6,2024-06-06 (木),札幌文化芸術劇場hitaru,,https://www.eventernote.com/events/369783
🎵 音楽ライブ,イベンターノート(札幌文化芸術劇場hitaru),「私立恵比寿中学 15th Anniversary Tour 2024 ～the other side of indigo hour～」6/1北海道,2024-06-01 (土),札幌文化芸術劇場hitaru,,https://www.eventernote.com/events/372794
🎵 音楽ライブ,イベンターノート(札幌文化芸術劇場hitaru),モーニング娘。'24 コンサートツアー春 MOTTO MORNING MUSUME。 北海道 夜公演,2024-04-13 (土),札幌文化芸術劇場hitaru,,https://www.eventernote.com/events/373040
🎵 音楽ライブ,イベンターノート(札幌文化芸術劇場hitaru),モーニング娘。'24 コンサートツアー春 MOTTO MORNING MUSUME。 北海道 昼公演,2024-04-13 (土),札幌文化芸術劇場hitaru,,https://www.eventernote.com/events/373042
🎵 音楽ライブ,イベンターノート(札幌文化芸術劇場hitaru),王様戦隊キングオージャー ファイナルライブツアー2024 サッポロ国 4/7 10:30,2024-04-07 (日),札幌文化芸術劇場hitaru,,https://www.eventernote.com/events/369708
🎵 音楽ライブ,イベンターノート(札幌文化芸術劇場hitaru),王様戦隊キングオージャー ファイナルライブツアー2024 サッポロ国 4/7 14:00,2024-04-07 (日),札幌文化芸術劇場hitaru,,https://www.eventernote.com/events/369709
🎵 音楽ライブ,イベンターノート(札幌文化芸術劇場hitaru),TM NETWORK 40th FANKS intelligence Days 〜STAND 3 FINAL〜 【Day32】,2024-03-02 (土),札幌文化芸術劇場hitaru,,https://www.eventernote.com/events/360887
🎵 音楽ライブ,イベンターノート(札幌文化芸術劇場hitaru),Hello! Project 2024 Winter 〜THREE OF US〜【チームB】2/23,2024-02-23 (金),札幌文化芸術劇場hitaru,,https://www.eventernote.com/events/362011
🎵 音楽ライブ,イベンターノート(札幌文化芸術劇場hitaru),Hello! Project 2024 Winter 〜THREE OF US〜【チームA】2/23,2024-02-23 (金),札幌文化芸術劇場hitaru,,https://www.eventernote.com/events/362009
🎵 音楽ライブ,イベンターノート(札幌文化芸術劇場hitaru),「DAICHI MIURA LIVE TOUR 2023 OVER」追加公演 札幌,2024-01-27 (土),札幌文化芸術劇場hitaru,,https://www.eventernote.com/events/365457
🎵 音楽ライブ,イベンターノート(札幌文化芸術劇場hitaru),LiSA LiVE is Smile Always～LANDER～ 札幌公演,2023-11-26 (日),札幌文化芸術劇場hitaru,,https://www.eventernote.com/events/331999
🎵 音楽ライブ,イベンターノート(札幌文化芸術劇場hitaru),モーニング娘。'23コンサートツアー秋 Neverending Shine Show 11/25,2023-11-25 (土),札幌文化芸術劇場hitaru,,https://www.eventernote.com/events/349357
🎵 音楽ライブ,イベンターノート(札幌文化芸術劇場hitaru),モーニング娘。'23コンサートツアー秋 Neverending Shine Show 11/25②,2023-11-25 (土),札幌文化芸術劇場hitaru,,https://www.eventernote.com/events/349358
🎵 音楽ライブ,イベンターノート(札幌文化芸術劇場hitaru),milet 全国ホールツアー2023 北海道公演,2023-11-23 (木),札幌文化芸術劇場hitaru,,https://www.eventernote.com/events/344379
🎵 音楽ライブ,イベンターノート(札幌文化芸術劇場hitaru),めざましテレビ30周年フェスin札幌,2023-10-15 (日),札幌文化芸術劇場hitaru,,https://www.eventernote.com/events/356863
🎵 音楽ライブ,イベンターノート(札幌文化芸術劇場hitaru),Ado全国ツアー2023「マーズ」 北海道公演,2023-08-12 (土),札幌文化芸術劇場hitaru,,https://www.eventernote.com/events/331022
🎵 音楽ライブ,イベンターノート(大和ハウスプレミストドーム（札幌ドーム）),Bruno Mars - The Romantic Tour in Japan 札幌 Day2,2027-01-11 (月),大和ハウスプレミストドーム（札幌ドーム）,,https://www.eventernote.com/events/483440
🎵 音楽ライブ,イベンターノート(大和ハウスプレミストドーム（札幌ドーム）),Bruno Mars - The Romantic Tour in Japan 札幌 Day1,2027-01-10 (日),大和ハウスプレミストドーム（札幌ドーム）,,https://www.eventernote.com/events/483439
🎵 音楽ライブ,イベンターノート(大和ハウスプレミストドーム（札幌ドーム）),YOASOBI ASIA 10-CITY DOME & STADIUM TOUR 2026-2027 北海道公演 DAY2,2026-11-15 (日),大和ハウスプレミストドーム（札幌ドーム）,,https://www.eventernote.com/events/458278
🎵 音楽ライブ,イベンターノート(大和ハウスプレミストドーム（札幌ドーム）),YOASOBI ASIA 10-CITY DOME & STADIUM TOUR 2026-2027 北海道公演 DAY1,2026-11-14 (土),大和ハウスプレミストドーム（札幌ドーム）,,https://www.eventernote.com/events/458277
🎵 音楽ライブ,イベンターノート(大和ハウスプレミストドーム（札幌ドーム）),Snow Man DOME TOUR 2026-2027 ALL SUITE 北海道 3日目,2026-11-01 (日),大和ハウスプレミストドーム（札幌ドーム）,,https://www.eventernote.com/events/489826
🎵 音楽ライブ,イベンターノート(大和ハウスプレミストドーム（札幌ドーム）),Snow Man DOME TOUR 2026-2027 ALL SUITE 北海道 2日目,2026-10-31 (土),大和ハウスプレミストドーム（札幌ドーム）,,https://www.eventernote.com/events/489825
🎵 音楽ライブ,イベンターノート(大和ハウスプレミストドーム（札幌ドーム）),Snow Man DOME TOUR 2026-2027 ALL SUITE 北海道 1日目,2026-10-30 (金),大和ハウスプレミストドーム（札幌ドーム）,,https://www.eventernote.com/events/489824
🎵 音楽ライブ,イベンターノート(大和ハウスプレミストドーム（札幌ドーム）),SBI MUSIC CIRCUS HOKKAIDO -DAYBREAK-,2026-09-26 (土),大和ハウスプレミストドーム（札幌ドーム）,,https://www.eventernote.com/events/489382
🎵 音楽ライブ,イベンターノート(大和ハウスプレミストドーム（札幌ドーム）),SBI MUSIC CIRCUS HOKKAIDO -AFTER DARK-,2026-09-26 (土),大和ハウスプレミストドーム（札幌ドーム）,,https://www.eventernote.com/events/490183
🎵 音楽ライブ,イベンターノート(大和ハウスプレミストドーム（札幌ドーム）),水曜どうでしょう祭UNITE2026 本 祭 9月6日,2026-09-06 (日),大和ハウスプレミストドーム（札幌ドーム）,,https://www.eventernote.com/events/469277
🎵 音楽ライブ,イベンターノート(大和ハウスプレミストドーム（札幌ドーム）),水曜どうでしょう祭UNITE2026 本 祭 9月5日,2026-09-05 (土),大和ハウスプレミストドーム（札幌ドーム）,,https://www.eventernote.com/events/469276
🎵 音楽ライブ,イベンターノート(大和ハウスプレミストドーム（札幌ドーム）),水曜どうでしょう祭UNITE2026 前日祭,2026-09-04 (金),大和ハウスプレミストドーム（札幌ドーム）,,https://www.eventernote.com/events/469278
🎵 音楽ライブ,イベンターノート(大和ハウスプレミストドーム（札幌ドーム）),TSUIMA presents FOR TITLE マッチ,2026-05-06 (水),大和ハウスプレミストドーム（札幌ドーム）,,https://www.eventernote.com/events/476012
🎵 音楽ライブ,イベンターノート(大和ハウスプレミストドーム（札幌ドーム）),JAL SAPPORO MUSIC EXPERIENCE 2026【4/19】,2026-04-19 (日),大和ハウスプレミストドーム（札幌ドーム）,,https://www.eventernote.com/events/470624
🎵 音楽ライブ,イベンターノート(大和ハウスプレミストドーム（札幌ドーム）),JAL SAPPORO MUSIC EXPERIENCE 2026,2026-04-19 (日),大和ハウスプレミストドーム（札幌ドーム）,,https://www.eventernote.com/events/470629
🎵 音楽ライブ,イベンターノート(大和ハウスプレミストドーム（札幌ドーム）),JAL SAPPORO MUSIC EXPERIENCE 2026【4/18】,2026-04-18 (土),大和ハウスプレミストドーム（札幌ドーム）,,https://www.eventernote.com/events/470625
🎵 音楽ライブ,イベンターノート(大和ハウスプレミストドーム（札幌ドーム）),Vaundy DOME TOUR 2026 北海道,2026-03-28 (土),大和ハウスプレミストドーム（札幌ドーム）,,https://www.eventernote.com/events/425985
🎵 音楽ライブ,イベンターノート(大和ハウスプレミストドーム（札幌ドーム）),ARASHI LIVE TOUR 2026 We are ARASHI 北海道公演 3/15,2026-03-15 (日),大和ハウスプレミストドーム（札幌ドーム）,,https://www.eventernote.com/events/467901
🎵 音楽ライブ,イベンターノート(大和ハウスプレミストドーム（札幌ドーム）),ARASHI LIVE TOUR 2026 We are ARASHI 北海道公演 3/14,2026-03-14 (土),大和ハウスプレミストドーム（札幌ドーム）,,https://www.eventernote.com/events/467880
🎵 音楽ライブ,イベンターノート(大和ハウスプレミストドーム（札幌ドーム）),ARASHI LIVE TOUR 2026 We are ARASHI 北海道公演 3/13,2026-03-13 (金),大和ハウスプレミストドーム（札幌ドーム）,,https://www.eventernote.com/events/467865
🎵 音楽ライブ,イベンターノート(大和ハウスプレミストドーム（札幌ドーム）),ALGS YEAR 5 CHAMPIONSHIP FINAL,2026-01-18 (日),大和ハウスプレミストドーム（札幌ドーム）,,https://www.eventernote.com/events/457353
🎵 音楽ライブ,イベンターノート(大和ハウスプレミストドーム（札幌ドーム）),Snow Man Dome Tour 2025-2026 ON 北海道 2日目,2025-11-16 (日),大和ハウスプレミストドーム（札幌ドーム）,,https://www.eventernote.com/events/447358
🎵 音楽ライブ,イベンターノート(大和ハウスプレミストドーム（札幌ドーム）),Snow Man Dome Tour 2025-2026 ON 北海道 1日目,2025-11-15 (土),大和ハウスプレミストドーム（札幌ドーム）,,https://www.eventernote.com/events/447357
🎵 音楽ライブ,イベンターノート(大和ハウスプレミストドーム（札幌ドーム）),"Mrs. GREEN APPLE DOME TOUR 2025 ""BABEL no TOH"" 北海道 二日目",2025-11-02 (日),大和ハウスプレミストドーム（札幌ドーム）,,https://www.eventernote.com/events/445655
🎵 音楽ライブ,イベンターノート(大和ハウスプレミストドーム（札幌ドーム）),"Mrs. GREEN APPLE DOME TOUR 2025 ""BABEL no TOH"" 北海道 一日目",2025-11-01 (土),大和ハウスプレミストドーム（札幌ドーム）,,https://www.eventernote.com/events/445654
🎵 音楽ライブ,イベンターノート(大和ハウスプレミストドーム（札幌ドーム）),ONE OK ROCK DETOX JAPAN TOUR 2025 札幌,2025-09-06 (土),大和ハウスプレミストドーム（札幌ドーム）,,https://www.eventernote.com/events/439885
🎵 音楽ライブ,イベンターノート(大和ハウスプレミストドーム（札幌ドーム）),2025明治安田J2リーグ 第28節 北海道コンサドーレ札幌 vs RB大宮アルディージャ タイトル未定＆NEO JAPONISM＆selfish ミニLIVE,2025-08-30 (土),大和ハウスプレミストドーム（札幌ドーム）,,https://www.eventernote.com/events/441583
🎵 音楽ライブ,イベンターノート(大和ハウスプレミストドーム（札幌ドーム）),サザンオールスターズ LIVE TOUR 2025「THANK YOU SO MUCH!!」北海道公演 2日目,2025-05-11 (日),大和ハウスプレミストドーム（札幌ドーム）,,https://www.eventernote.com/events/402860
🎵 音楽ライブ,イベンターノート(大和ハウスプレミストドーム（札幌ドーム）),サザンオールスターズ LIVE TOUR 2025「THANK YOU SO MUCH!!」北海道公演 1日目,2025-05-10 (土),大和ハウスプレミストドーム（札幌ドーム）,,https://www.eventernote.com/events/402859
🎵 音楽ライブ,イベンターノート(大和ハウスプレミストドーム（札幌ドーム）),2025明治安田J2リーグ 第10節 北海道コンサドーレ札幌 vs 藤枝MYFC タイトル未定&fishbowl ミニLIVEステージ,2025-04-20 (日),大和ハウスプレミストドーム（札幌ドーム）,,https://www.eventernote.com/events/425768
🎵 音楽ライブ,イベンターノート(大和ハウスプレミストドーム（札幌ドーム）),SixTONES ストーンズ LIVE TOUR 2025 YOUNG OLD 北海道公演,2025-03-22 (土),大和ハウスプレミストドーム（札幌ドーム）,,https://www.eventernote.com/events/434283
🎵 音楽ライブ,イベンターノート(大和ハウスプレミストドーム（札幌ドーム）),米津玄師 2025 TOUR / JUNK 北海道公演,2025-02-21 (金),大和ハウスプレミストドーム（札幌ドーム）,,https://www.eventernote.com/events/389954
🎵 音楽ライブ,イベンターノート(大和ハウスプレミストドーム（札幌ドーム）),Snow Man DOME TOUR 2024 RAYS 北海道2日目,2024-11-10 (日),大和ハウスプレミストドーム（札幌ドーム）,,https://www.eventernote.com/events/390377
🎵 音楽ライブ,イベンターノート(大和ハウスプレミストドーム（札幌ドーム）),Snow Man DOME TOUR 2024 RAYS 北海道1日目,2024-11-09 (土),大和ハウスプレミストドーム（札幌ドーム）,,https://www.eventernote.com/events/390378
🎵 音楽ライブ,イベンターノート(大和ハウスプレミストドーム（札幌ドーム）),赤黒満員大作戦,2024-08-10 (土),大和ハウスプレミストドーム（札幌ドーム）,,https://www.eventernote.com/events/385136
🎵 音楽ライブ,イベンターノート(大和ハウスプレミストドーム（札幌ドーム）),King Gnu Dome Tour THE GREATEST UNKNOWN 札幌公演,2024-03-23 (土),大和ハウスプレミストドーム（札幌ドーム）,,https://www.eventernote.com/events/356012
🎵 音楽ライブ,イベンターノート(大和ハウスプレミストドーム（札幌ドーム）),B’z LIVE-GYM Pleasure 2023 -STARS- 札幌公演,2023-08-26 (土),大和ハウスプレミストドーム（札幌ドーム）,,https://www.eventernote.com/events/332684
🎵 音楽ライブ,イベンターノート(大和ハウスプレミストドーム（札幌ドーム）),ONE OK ROCK 2023 LUXURY DISEASE JAPAN TOUR 札幌公演,2023-05-13 (土),大和ハウスプレミストドーム（札幌ドーム）,,https://www.eventernote.com/events/335185
🎵 音楽ライブ,イベンターノート(大和ハウスプレミストドーム（札幌ドーム）),【12/17】桑田佳祐 LIVE TOUR 2022「お互い元気に頑張りましょう‼」supported by ＳＯＭＰＯグループ 札幌公演,2022-12-17 (土),大和ハウスプレミストドーム（札幌ドーム）,,https://www.eventernote.com/events/320668
🎵 音楽ライブ,イベンターノート(大和ハウスプレミストドーム（札幌ドーム）),＜TVアニメ『ゴールデンカムイ』×北海道コンサドーレ札幌 supported by Diamond head＞ 2022明治安田生命J1リーグ第34節 北海道コ,2022-11-05 (土),大和ハウスプレミストドーム（札幌ドーム）,,https://www.eventernote.com/events/321998
🎵 音楽ライブ,イベンターノート(大和ハウスプレミストドーム（札幌ドーム）),「プロ野球 北海道日本ハムファイターズVS福岡ソフトバンクホークス ファーストピッチ」金川紗耶,2022-08-04 (木),大和ハウスプレミストドーム（札幌ドーム）,,https://www.eventernote.com/events/319247
🎵 音楽ライブ,イベンターノート(大和ハウスプレミストドーム（札幌ドーム）),【ラブライブ！シリーズ×パ・リーグ6球団コラボ】 5月11日（水） Liella!×ファイターズ,2022-05-11 (水),大和ハウスプレミストドーム（札幌ドーム）,,https://www.eventernote.com/events/304357
🎵 音楽ライブ,イベンターノート(大和ハウスプレミストドーム（札幌ドーム）),【ラブライブ！シリーズ×パ・リーグ6球団コラボ】 5月11日（水） Liella!×ファイターズ スペシャルトークショー,2022-05-11 (水),大和ハウスプレミストドーム（札幌ドーム）,,https://www.eventernote.com/events/304605
🎵 音楽ライブ,イベンターノート(大和ハウスプレミストドーム（札幌ドーム）),AAA DOME TOUR 15th ANNIVERSARY -thanx AAA lot-札幌,2021-12-25 (土),大和ハウスプレミストドーム（札幌ドーム）,,https://www.eventernote.com/events/282174
🎵 音楽ライブ,イベンターノート(大和ハウスプレミストドーム（札幌ドーム）),【延期】AAA DOME TOUR 2020 札幌,2020-12-26 (土),大和ハウスプレミストドーム（札幌ドーム）,,https://www.eventernote.com/events/247965
🎵 音楽ライブ,イベンターノート(大和ハウスプレミストドーム（札幌ドーム）),GLAY DOME TOUR 2020 DEMOCRACY 25TH “HOTEL GLAY GRAND FINALE” 札幌,2020-12-19 (土),大和ハウスプレミストドーム（札幌ドーム）,,https://www.eventernote.com/events/246678
🎵 音楽ライブ,イベンターノート(大和ハウスプレミストドーム（札幌ドーム）),コープさっぽろ presents ふわふわアドベンチャー in 札幌ドーム mirage² パフォーマンス 1/6,2020-01-06 (月),大和ハウスプレミストドーム（札幌ドーム）,,https://www.eventernote.com/events/237577
🎵 音楽ライブ,イベンターノート(大和ハウスプレミストドーム（札幌ドーム）),コープさっぽろ presents ふわふわアドベンチャー in 札幌ドーム mirage² パフォーマンス 1/5,2020-01-05 (日),大和ハウスプレミストドーム（札幌ドーム）,,https://www.eventernote.com/events/237575
🎵 音楽ライブ,イベンターノート(大和ハウスプレミストドーム（札幌ドーム）),ARASHI Anniversary Tour 5×20 北海道追加公演 11/16,2019-11-16 (土),大和ハウスプレミストドーム（札幌ドーム）,,https://www.eventernote.com/events/194958
🎵 音楽ライブ,イベンターノート(大和ハウスプレミストドーム（札幌ドーム）),ARASHI Anniversary Tour 5×20 北海道追加公演 11/15,2019-11-15 (金),大和ハウスプレミストドーム（札幌ドーム）,,https://www.eventernote.com/events/194957
🎵 音楽ライブ,イベンターノート(大和ハウスプレミストドーム（札幌ドーム）),ARASHI Anniversary Tour 5×20 北海道追加公演 11/14,2019-11-14 (木),大和ハウスプレミストドーム（札幌ドーム）,,https://www.eventernote.com/events/194956
🎵 音楽ライブ,イベンターノート(大和ハウスプレミストドーム（札幌ドーム）),北海道日本ハムファイターズ《RESPECT DAYS〜秋の大感謝祭〜》『ダイヤのA actⅡ』コラボ企画 プレゲームショー,2019-09-08 (日),大和ハウスプレミストドーム（札幌ドーム）,,https://www.eventernote.com/events/223674
🎵 音楽ライブ,イベンターノート(大和ハウスプレミストドーム（札幌ドーム）),北海道日本ハムファイターズ《RESPECT DAYS〜秋の大感謝祭〜》『ダイヤのA actⅡ』コラボ企画 スペシャルトークショー,2019-09-08 (日),大和ハウスプレミストドーム（札幌ドーム）,,https://www.eventernote.com/events/223671
🎵 音楽ライブ,イベンターノート(大和ハウスプレミストドーム（札幌ドーム）),北海道日本ハムファイターズ《RESPECT DAYS〜秋の大感謝祭〜》『ダイヤのA actⅡ』コラボ企画 スタジアムアナウンス,2019-09-08 (日),大和ハウスプレミストドーム（札幌ドーム）,,https://www.eventernote.com/events/223675
🎵 音楽ライブ,イベンターノート(大和ハウスプレミストドーム（札幌ドーム）),"GENERATIONS LIVE TOUR 2019 ""少年クロニクル"" 北海道8/31",2019-08-31 (土),大和ハウスプレミストドーム（札幌ドーム）,,https://www.eventernote.com/events/218964
🎵 音楽ライブ,イベンターノート(大和ハウスプレミストドーム（札幌ドーム）),北海道日本ハムファイターズ 仮面ライダージオウコラボゲーム,2019-08-18 (日),大和ハウスプレミストドーム（札幌ドーム）,,https://www.eventernote.com/events/219768
🎵 音楽ライブ,イベンターノート(大和ハウスプレミストドーム（札幌ドーム）),関ジャニ∞ 2019「十五祭」北海道公演,2019-07-14 (日),大和ハウスプレミストドーム（札幌ドーム）,,https://www.eventernote.com/events/200019
🎵 音楽ライブ,イベンターノート(大和ハウスプレミストドーム（札幌ドーム）),"三代目 J SOUL BROTHERS LIVE TOUR 2019 ""RAISE THE FLAG"" 6/22 北海道",2019-06-22 (土),大和ハウスプレミストドーム（札幌ドーム）,,https://www.eventernote.com/events/189791
🎵 音楽ライブ,イベンターノート(大和ハウスプレミストドーム（札幌ドーム）),サザンオールスターズ LIVE TOUR 2019 札幌公演2日目,2019-06-09 (日),大和ハウスプレミストドーム（札幌ドーム）,,https://www.eventernote.com/events/198470
🎵 音楽ライブ,イベンターノート(大和ハウスプレミストドーム（札幌ドーム）),サザンオールスターズ LIVE TOUR 2019 札幌公演1日目,2019-06-08 (土),大和ハウスプレミストドーム（札幌ドーム）,,https://www.eventernote.com/events/198450
🎵 音楽ライブ,イベンターノート(真駒内セキスイハイムアイスアリーナ),桑田佳祐 夏祭りツアー 2026 supported by カンロ 北海道公演 8/28(金),2026-08-28 (金),真駒内セキスイハイムアイスアリーナ,,https://www.eventernote.com/events/263964
🎵 音楽ライブ,イベンターノート(真駒内セキスイハイムアイスアリーナ),桑田佳祐 夏祭りツアー 2026 supported by カンロ 北海道公演 8/27(木),2026-08-27 (木),真駒内セキスイハイムアイスアリーナ,,https://www.eventernote.com/events/253926
🎵 音楽ライブ,イベンターノート(真駒内セキスイハイムアイスアリーナ),Fujii Kaze Pre: Prema Tour 北海道公演 7/17,2026-07-17 (金),真駒内セキスイハイムアイスアリーナ,,https://www.eventernote.com/events/467752
🎵 音楽ライブ,イベンターノート(真駒内セキスイハイムアイスアリーナ),Fujii Kaze Pre: Prema Tour 北海道公演 7/16,2026-07-16 (木),真駒内セキスイハイムアイスアリーナ,,https://www.eventernote.com/events/467751
🎵 音楽ライブ,イベンターノート(真駒内セキスイハイムアイスアリーナ),乃木坂46 真夏の全国ツアー2026 北海道 Day2,2026-07-05 (日),真駒内セキスイハイムアイスアリーナ,,https://www.eventernote.com/events/464615
🎵 音楽ライブ,イベンターノート(真駒内セキスイハイムアイスアリーナ),乃木坂46 真夏の全国ツアー2026 北海道 Day1,2026-07-04 (土),真駒内セキスイハイムアイスアリーナ,,https://www.eventernote.com/events/464614
🎵 音楽ライブ,イベンターノート(真駒内セキスイハイムアイスアリーナ),B’z LIVE-GYM 2026 -FYOP＋- 北海道公演 2日目,2026-05-17 (日),真駒内セキスイハイムアイスアリーナ,,https://www.eventernote.com/events/460952
🎵 音楽ライブ,イベンターノート(真駒内セキスイハイムアイスアリーナ),SixTONES LIVE TOUR 2026「MILESixTONES」 北海道公演 5/10 12:00,2026-05-10 (日),真駒内セキスイハイムアイスアリーナ,,https://www.eventernote.com/events/467849
🎵 音楽ライブ,イベンターノート(真駒内セキスイハイムアイスアリーナ),SixTONES LIVE TOUR 2026「MILESixTONES」 北海道公演 5/10 17:00,2026-05-10 (日),真駒内セキスイハイムアイスアリーナ,,https://www.eventernote.com/events/467852
🎵 音楽ライブ,イベンターノート(真駒内セキスイハイムアイスアリーナ),SixTONES LIVE TOUR 2026「MILESixTONES」 北海道公演 5/9 12:00,2026-05-09 (土),真駒内セキスイハイムアイスアリーナ,,https://www.eventernote.com/events/467838
🎵 音楽ライブ,イベンターノート(真駒内セキスイハイムアイスアリーナ),SixTONES LIVE TOUR 2026「MILESixTONES」 北海道公演 5/9 17:00,2026-05-09 (土),真駒内セキスイハイムアイスアリーナ,,https://www.eventernote.com/events/467841
🎵 音楽ライブ,イベンターノート(真駒内セキスイハイムアイスアリーナ),SixTONES LIVE TOUR MILESixTONES 北海道公演 5/8 13:00回,2026-05-08 (金),真駒内セキスイハイムアイスアリーナ,,https://www.eventernote.com/events/459041
🎵 音楽ライブ,イベンターノート(真駒内セキスイハイムアイスアリーナ),SixTONES LIVE TOUR 2026「MILESixTONES」 北海道公演 5/8 18:00,2026-05-08 (金),真駒内セキスイハイムアイスアリーナ,,https://www.eventernote.com/events/467835
🎵 音楽ライブ,イベンターノート(真駒内セキスイハイムアイスアリーナ),King Gnu CEN+RAL Tour 2026 札幌公演 2日目,2026-05-02 (土),真駒内セキスイハイムアイスアリーナ,,https://www.eventernote.com/events/459098
🎵 音楽ライブ,イベンターノート(真駒内セキスイハイムアイスアリーナ),King Gnu CEN+RAL Tour 2026 札幌公演 1日目,2026-05-01 (金),真駒内セキスイハイムアイスアリーナ,,https://www.eventernote.com/events/459097
🎵 音楽ライブ,イベンターノート(真駒内セキスイハイムアイスアリーナ),NANA MIZUKI LIVE VISION 2025-2026【北海道】,2025-12-06 (土),真駒内セキスイハイムアイスアリーナ,,https://www.eventernote.com/events/413680
🎵 音楽ライブ,イベンターノート(真駒内セキスイハイムアイスアリーナ),YUURI ASIA TOUR 2025 北海道公演 2日目,2025-11-23 (日),真駒内セキスイハイムアイスアリーナ,,https://www.eventernote.com/events/431150
🎵 音楽ライブ,イベンターノート(真駒内セキスイハイムアイスアリーナ),YUURI ASIA TOUR 2025 北海道公演 1日目,2025-11-22 (土),真駒内セキスイハイムアイスアリーナ,,https://www.eventernote.com/events/431149
🎵 音楽ライブ,イベンターノート(真駒内セキスイハイムアイスアリーナ),なにわ男子 LIVE TOUR 2025 'BON BON BOYAGE' 北海道 2日目 昼,2025-10-26 (日),真駒内セキスイハイムアイスアリーナ,,https://www.eventernote.com/events/429958
🎵 音楽ライブ,イベンターノート(真駒内セキスイハイムアイスアリーナ),なにわ男子 LIVE TOUR 2025 'BON BON BOYAGE' 北海道 2日目 夜,2025-10-26 (日),真駒内セキスイハイムアイスアリーナ,,https://www.eventernote.com/events/429959
🎵 音楽ライブ,イベンターノート(真駒内セキスイハイムアイスアリーナ),なにわ男子 LIVE TOUR 2025 'BON BON BOYAGE' 北海道 1日目 夜,2025-10-25 (土),真駒内セキスイハイムアイスアリーナ,,https://www.eventernote.com/events/429957
🎵 音楽ライブ,イベンターノート(真駒内セキスイハイムアイスアリーナ),なにわ男子 LIVE TOUR 2025 'BON BON BOYAGE' 北海道 1日目 昼,2025-10-25 (土),真駒内セキスイハイムアイスアリーナ,,https://www.eventernote.com/events/429956
🎵 音楽ライブ,イベンターノート(真駒内セキスイハイムアイスアリーナ),Number_i LIVE TOUR 2025 No.Ⅱ 10/12昼公演,2025-10-12 (日),真駒内セキスイハイムアイスアリーナ,,https://www.eventernote.com/events/444260
🎵 音楽ライブ,イベンターノート(真駒内セキスイハイムアイスアリーナ),Number_i LIVE TOUR 2025 No.Ⅱ 10/11夜公演,2025-10-11 (土),真駒内セキスイハイムアイスアリーナ,,https://www.eventernote.com/events/444259
🎵 音楽ライブ,イベンターノート(真駒内セキスイハイムアイスアリーナ),"2025 ME:I 1ST ARENA LIVE TOUR ""THIS IS ME:I"" 北海道DAY2",2025-08-03 (日),真駒内セキスイハイムアイスアリーナ,,https://www.eventernote.com/events/428376
🎵 音楽ライブ,イベンターノート(真駒内セキスイハイムアイスアリーナ),"2025 ME:I 1ST ARENA LIVE TOUR ""THIS IS ME:I"" 北海道DAY1",2025-08-02 (土),真駒内セキスイハイムアイスアリーナ,,https://www.eventernote.com/events/428375
🎵 音楽ライブ,イベンターノート(真駒内セキスイハイムアイスアリーナ),乃木坂46 真夏の全国ツアー 2025 北海道公演 DAY2,2025-07-06 (日),真駒内セキスイハイムアイスアリーナ,,https://www.eventernote.com/events/430045
🎵 音楽ライブ,イベンターノート(真駒内セキスイハイムアイスアリーナ),乃木坂46 真夏の全国ツアー 2025 北海道公演 DAY1,2025-07-05 (土),真駒内セキスイハイムアイスアリーナ,,https://www.eventernote.com/events/430044
🎵 音楽ライブ,イベンターノート(真駒内セキスイハイムアイスアリーナ),"Perfume 10th Tour ZOZ5 ""ネビュラロマンス"" Episode 1 北海道公演2日目",2025-04-13 (日),真駒内セキスイハイムアイスアリーナ,,https://www.eventernote.com/events/392699
🎵 音楽ライブ,イベンターノート(真駒内セキスイハイムアイスアリーナ),"Perfume 10th Tour ZOZ5 ""ネビュラロマンス"" Episode 1 北海道公演1日目",2025-04-12 (土),真駒内セキスイハイムアイスアリーナ,,https://www.eventernote.com/events/393507
🎵 音楽ライブ,イベンターノート(真駒内セキスイハイムアイスアリーナ),Number_i LIVE TOUR 2024 No.I 11/30 昼公演,2024-11-30 (土),真駒内セキスイハイムアイスアリーナ,,https://www.eventernote.com/events/393576
🎵 音楽ライブ,イベンターノート(真駒内セキスイハイムアイスアリーナ),Number_i LIVE TOUR 2024 No.I 11/30 夜公演,2024-11-30 (土),真駒内セキスイハイムアイスアリーナ,,https://www.eventernote.com/events/410863
🎵 音楽ライブ,イベンターノート(真駒内セキスイハイムアイスアリーナ),Number_i LIVE TOUR 2024 No.I 11/29 公演,2024-11-29 (金),真駒内セキスイハイムアイスアリーナ,,https://www.eventernote.com/events/392537
🎵 音楽ライブ,イベンターノート(真駒内セキスイハイムアイスアリーナ),LiSA LiVE is Smile Always～COCKTAiL PARTY～[SWEET&SOUR] SOUR 北海道公演,2024-10-20 (日),真駒内セキスイハイムアイスアリーナ,,https://www.eventernote.com/events/377280
🎵 音楽ライブ,イベンターノート(真駒内セキスイハイムアイスアリーナ),LiSA LiVE is Smile Always～COCKTAiL PARTY～[SWEET&SOUR] SWEET 北海道公演,2024-10-19 (土),真駒内セキスイハイムアイスアリーナ,,https://www.eventernote.com/events/377281
🎵 音楽ライブ,イベンターノート(真駒内セキスイハイムアイスアリーナ),Ado JAPAN TOUR 2024『モナ・リザの横顔』 北海道公演 2日目,2024-08-18 (日),真駒内セキスイハイムアイスアリーナ,,https://www.eventernote.com/events/378233
🎵 音楽ライブ,イベンターノート(真駒内セキスイハイムアイスアリーナ),Ado JAPAN TOUR 2024『モナ・リザの横顔』 北海道公演 1日目,2024-08-17 (土),真駒内セキスイハイムアイスアリーナ,,https://www.eventernote.com/events/378232
🎵 音楽ライブ,イベンターノート(真駒内セキスイハイムアイスアリーナ),なにわ男子 LIVE TOUR 2024 '+Alpha' 北海道 6/30 昼,2024-06-30 (日),真駒内セキスイハイムアイスアリーナ,,https://www.eventernote.com/events/380583
🎵 音楽ライブ,イベンターノート(真駒内セキスイハイムアイスアリーナ),なにわ男子 LIVE TOUR 2024 '+Alpha' 北海道 6/30 夜,2024-06-30 (日),真駒内セキスイハイムアイスアリーナ,,https://www.eventernote.com/events/380582
🎵 音楽ライブ,イベンターノート(真駒内セキスイハイムアイスアリーナ),なにわ男子 LIVE TOUR 2024 '+Alpha' 北海道 6/29 昼,2024-06-29 (土),真駒内セキスイハイムアイスアリーナ,,https://www.eventernote.com/events/380580
🎵 音楽ライブ,イベンターノート(真駒内セキスイハイムアイスアリーナ),なにわ男子 LIVE TOUR 2024 '+Alpha' 北海道 6/29 夜,2024-06-29 (土),真駒内セキスイハイムアイスアリーナ,,https://www.eventernote.com/events/380581
🎵 音楽ライブ,イベンターノート(真駒内セキスイハイムアイスアリーナ),なにわ男子 LIVE TOUR 2024 '+Alpha' 北海道 6/28,2024-06-28 (金),真駒内セキスイハイムアイスアリーナ,,https://www.eventernote.com/events/380579
🎵 音楽ライブ,イベンターノート(真駒内セキスイハイムアイスアリーナ),BUMP OF CHICKEN TOUR ホームシック衛星2024 北海道公演2日目,2024-03-31 (日),真駒内セキスイハイムアイスアリーナ,,https://www.eventernote.com/events/361671
🎵 音楽ライブ,イベンターノート(真駒内セキスイハイムアイスアリーナ),BUMP OF CHICKEN TOUR ホームシック衛星2024 北海道公演1日目,2024-03-30 (土),真駒内セキスイハイムアイスアリーナ,,https://www.eventernote.com/events/361297
🎵 音楽ライブ,イベンターノート(真駒内セキスイハイムアイスアリーナ),なにわ男子 LIVE TOUR 2023 'POPMALL' 北海道 9/10 昼,2023-09-10 (日),真駒内セキスイハイムアイスアリーナ,,https://www.eventernote.com/events/346799
🎵 音楽ライブ,イベンターノート(真駒内セキスイハイムアイスアリーナ),なにわ男子 LIVE TOUR 2023 'POPMALL' 北海道 9/9 夜,2023-09-09 (土),真駒内セキスイハイムアイスアリーナ,,https://www.eventernote.com/events/346797
🎵 音楽ライブ,イベンターノート(真駒内セキスイハイムアイスアリーナ),なにわ男子 LIVE TOUR 2023 'POPMALL' 北海道 9/9 昼,2023-09-09 (土),真駒内セキスイハイムアイスアリーナ,,https://www.eventernote.com/events/346796
🎵 音楽ライブ,イベンターノート(真駒内セキスイハイムアイスアリーナ),なにわ男子 LIVE TOUR 2023 'POPMALL' 北海道 9/8 昼,2023-09-08 (金),真駒内セキスイハイムアイスアリーナ,,https://www.eventernote.com/events/346794
🎵 音楽ライブ,イベンターノート(真駒内セキスイハイムアイスアリーナ),なにわ男子 LIVE TOUR 2023 'POPMALL' 北海道 9/8 夜,2023-09-08 (金),真駒内セキスイハイムアイスアリーナ,,https://www.eventernote.com/events/346795
🎵 音楽ライブ,イベンターノート(真駒内セキスイハイムアイスアリーナ),乃木坂46 真夏の全国ツアー2023 北海道公演 DAY2,2023-07-02 (日),真駒内セキスイハイムアイスアリーナ,,https://www.eventernote.com/events/342275
🎵 音楽ライブ,イベンターノート(真駒内セキスイハイムアイスアリーナ),乃木坂46 真夏の全国ツアー2023 北海道公演 DAY1,2023-07-01 (土),真駒内セキスイハイムアイスアリーナ,,https://www.eventernote.com/events/342274
🎵 音楽ライブ,イベンターノート(真駒内セキスイハイムアイスアリーナ),Hey! Say! JUMP LIVE TOUR 2022 FILMUSIC! 北海道公演 2日目 夜,2022-09-11 (日),真駒内セキスイハイムアイスアリーナ,,https://www.eventernote.com/events/323946
🎵 音楽ライブ,イベンターノート(真駒内セキスイハイムアイスアリーナ),Hey! Say! JUMP LIVE TOUR 2022 FILMUSIC! 北海道公演 2日目 昼,2022-09-11 (日),真駒内セキスイハイムアイスアリーナ,,https://www.eventernote.com/events/323947
🎵 音楽ライブ,イベンターノート(真駒内セキスイハイムアイスアリーナ),Hey! Say! JUMP LIVE TOUR 2022 FILMUSIC! 北海道公演 1日目 夜,2022-09-10 (土),真駒内セキスイハイムアイスアリーナ,,https://www.eventernote.com/events/323945
🎵 音楽ライブ,イベンターノート(真駒内セキスイハイムアイスアリーナ),Hey! Say! JUMP LIVE TOUR 2022 FILMUSIC! 北海道公演 1日目 昼,2022-09-10 (土),真駒内セキスイハイムアイスアリーナ,,https://www.eventernote.com/events/323948
🎵 音楽ライブ,イベンターノート(真駒内セキスイハイムアイスアリーナ),乃木坂46 真夏の全国ツアー2022 北海道公演 DAY2,2022-08-12 (金),真駒内セキスイハイムアイスアリーナ,,https://www.eventernote.com/events/307923
🎵 音楽ライブ,イベンターノート(真駒内セキスイハイムアイスアリーナ),乃木坂46 真夏の全国ツアー2022 北海道公演 DAY1,2022-08-11 (木),真駒内セキスイハイムアイスアリーナ,,https://www.eventernote.com/events/307922
🎵 音楽ライブ,イベンターノート(真駒内セキスイハイムアイスアリーナ),AIMYON TOUR 2022 “ま・あ・る” 北海道 DAY2,2022-05-08 (日),真駒内セキスイハイムアイスアリーナ,,https://www.eventernote.com/events/300451
🎵 音楽ライブ,イベンターノート(真駒内セキスイハイムアイスアリーナ),AIMYON TOUR 2022 “ま・あ・る” 北海道 DAY1,2022-05-07 (土),真駒内セキスイハイムアイスアリーナ,,https://www.eventernote.com/events/300450
🎵 音楽ライブ,イベンターノート(真駒内セキスイハイムアイスアリーナ),【振替】THE IDOLM@STER SideM 6thLIVE TOUR ～NEXT DESTIN@TION!～ Side HOKKAIDO DAY2,2022-04-17 (日),真駒内セキスイハイムアイスアリーナ,,https://www.eventernote.com/events/296016
🍜 飲食/🏬 デパート催事,札幌三越(催事),秋はじめ グルメ＆スイーツフェスタ 第2弾,9月1日(火) ～ 9月8日(火),札幌三越,,https://www.mitsukoshi.mistore.jp/sapporo.html
🍜 飲食/🏬 デパート催事,丸井今井札幌本店(催事),秋はじめ グルメ＆スイーツフェスタ 第2弾,9月1日(火) ～ 9月8日(火),丸井今井札幌本店,,https://www.maruiimai.mistore.jp/sapporo.html
🎮 アニメ/🎬 映画,映画館(上映中),劇場版 魔法少女まどか☆マギカ 〈ワルプルギスの廻天〉,,ローソン・ユナイテッドシネマ札幌・札幌シネマフロンティア・TOHOシネマズすすきの（中央区）で上映中,,https://press.moviewalker.jp/mv73373/
🎬 映画,映画館(上映中),ラスト・サバイバー,,ローソン・ユナイテッドシネマ札幌・札幌シネマフロンティア・TOHOシネマズすすきの（中央区）で上映中,,https://press.moviewalker.jp/mv93024/
🎬 映画,映画館(上映中),時には懺悔を,,ローソン・ユナイテッドシネマ札幌・札幌シネマフロンティア・TOHOシネマズすすきの（中央区）で上映中,,https://press.moviewalker.jp/mv88762/
🎬 映画,映画館(上映中),シェルター,,ローソン・ユナイテッドシネマ札幌・TOHOシネマズすすきの（中央区）で上映中,,https://press.moviewalker.jp/mv93192/
🎬 映画,映画館(上映中),私はあなたを知らない、,,ローソン・ユナイテッドシネマ札幌・札幌シネマフロンティア（中央区）で上映中,,https://press.moviewalker.jp/mv92742/
🎬 映画,映画館(上映中),ハリー・ポッターと賢者の石,,ローソン・ユナイテッドシネマ札幌・TOHOシネマズすすきの（中央区）で上映中,,https://press.moviewalker.jp/mv32043/
🎬 映画,映画館(上映中),レンタル家族,,ローソン・ユナイテッドシネマ札幌（中央区）で上映中,,https://press.moviewalker.jp/mv91142/
🎬 映画,映画館(上映中),ウォーターガーディアンズ,,ローソン・ユナイテッドシネマ札幌（中央区）で上映中,,https://press.moviewalker.jp/mv93164/
🎬 映画,映画館(上映中),オークストリートの異変,,ローソン・ユナイテッドシネマ札幌・札幌シネマフロンティア・TOHOシネマズすすきの（中央区）で上映中,,https://press.moviewalker.jp/mv92861/
🎬 映画,映画館(上映中),あの星が降る丘で、君とまた出会いたい。,,ローソン・ユナイテッドシネマ札幌・札幌シネマフロンティア・TOHOシネマズすすきの（中央区）で上映中,,https://press.moviewalker.jp/mv90689/
🎮 アニメ/🎬 映画,映画館(上映中),ミニオンズ＆モンスターズ,,ローソン・ユナイテッドシネマ札幌・札幌シネマフロンティア・TOHOシネマズすすきの（中央区）で上映中,,https://press.moviewalker.jp/mv92494/
🎬 映画,映画館(上映中),ブルーロック,,ローソン・ユナイテッドシネマ札幌・札幌シネマフロンティア・TOHOシネマズすすきの（中央区）で上映中,,https://press.moviewalker.jp/mv91168/
🎮 アニメ/🎬 映画,映画館(上映中),映画クレヨンしんちゃん 奇々怪々！オラの妖怪バケ～ション,,ローソン・ユナイテッドシネマ札幌・札幌シネマフロンティア・TOHOシネマズすすきの（中央区）で上映中,,https://press.moviewalker.jp/mv92048/
🎬 映画,映画館(上映中),モアナと伝説の海,,ローソン・ユナイテッドシネマ札幌・札幌シネマフロンティア・TOHOシネマズすすきの（中央区）で上映中,,https://press.moviewalker.jp/mv91724/
🎬 映画,映画館(上映中),開戦前夜,,ローソン・ユナイテッドシネマ札幌・札幌シネマフロンティア（中央区）で上映中,,https://press.moviewalker.jp/mv92892/
🎬 映画,映画館(上映中),スパイダーマン：ブランド・ニュー・デイ,,ローソン・ユナイテッドシネマ札幌・札幌シネマフロンティア・TOHOシネマズすすきの（中央区）で上映中,,https://press.moviewalker.jp/mv87980/
🎮 アニメ/🎬 映画,映画館(上映中),映画ちいかわ 人魚の島のひみつ,,ローソン・ユナイテッドシネマ札幌・札幌シネマフロンティア・TOHOシネマズすすきの（中央区）で上映中,,https://press.moviewalker.jp/mv91749/
🎮 アニメ/🎬 映画,映画館(上映中),パウ・パトロール ザ・ダイノ・ムービー,,ローソン・ユナイテッドシネマ札幌・TOHOシネマズすすきの（中央区）で上映中,,https://press.moviewalker.jp/mv92454/
🎬 映画,映画館(上映中),キングダム 魂の決戦,,ローソン・ユナイテッドシネマ札幌・札幌シネマフロンティア・TOHOシネマズすすきの（中央区）で上映中,,https://press.moviewalker.jp/mv90400/
🎬 映画,映画館(上映中),トイ・ストーリー５,,ローソン・ユナイテッドシネマ札幌・札幌シネマフロンティア・TOHOシネマズすすきの（中央区）で上映中,,https://press.moviewalker.jp/mv81466/
🎬 映画,映画館(上映中),『時をかける少女』4K,,ローソン・ユナイテッドシネマ札幌（中央区）で上映中,,https://press.moviewalker.jp/mv93087/
🎬 映画,映画館(上映中),Michael／マイケル,,ローソン・ユナイテッドシネマ札幌・札幌シネマフロンティア・TOHOシネマズすすきの（中央区）で上映中,,https://press.moviewalker.jp/mv86806/
🎬 映画,映画館(上映中),白鳥とコウモリ,,札幌シネマフロンティア（中央区）で上映中,,https://press.moviewalker.jp/mv92339/
🎬 映画,映画館(上映中),バックルームズ,,札幌シネマフロンティア（中央区）で上映中,,https://press.moviewalker.jp/mv93401/
🎬 映画,映画館(上映中),冴えないボクと映えるキミ,,札幌シネマフロンティア（中央区）で上映中,,https://press.moviewalker.jp/mv93458/
🎬 映画,映画館(上映中),ハルバーシュタットの埋蔵金,,札幌シネマフロンティア（中央区）で上映中,,https://press.moviewalker.jp/mv90881/
🎬 映画,映画館(上映中),ラブ・ライズ,,札幌シネマフロンティア（中央区）で上映中,,https://press.moviewalker.jp/mv87545/
🎬 映画,映画館(上映中),平行と垂直,,札幌シネマフロンティア（中央区）で上映中,,https://press.moviewalker.jp/mv92641/
🎮 アニメ/🎬 映画,映画館(上映中),劇場版 TUBE 40th Anniversary Live & Documentary 〜40周年の航海記〜,,札幌シネマフロンティア（中央区）で上映中,,https://press.moviewalker.jp/mv93539/
🎬 映画,映画館(上映中),見えない娘 THE INVISIBLES,,札幌シネマフロンティア（中央区）で上映中,,https://press.moviewalker.jp/mv93113/
🎬 映画,映画館(上映中),王様戦隊キングオージャー フィルム・コンサート in シネマ,,札幌シネマフロンティア（中央区）で上映中,,https://press.moviewalker.jp/mv94135/
🎬 映画,映画館(上映中),八仙！,,札幌シネマフロンティア（中央区）で上映中,,https://press.moviewalker.jp/mv94039/
🎬 映画,映画館(上映中),クラプトン・フェスティヴァル第3部「エリック・クラプトン：ライヴ・アット・ステイプルズ・センター2001」,,札幌シネマフロンティア（中央区）で上映中,,https://press.moviewalker.jp/mv93602/
🎬 映画,映画館(上映中),グレイ・ミッション,,札幌シネマフロンティア（中央区）で上映中,,https://press.moviewalker.jp/mv93464/
🎬 映画,映画館(上映中),ドラマなふたり,,札幌シネマフロンティア（中央区）で上映中,,https://press.moviewalker.jp/mv92985/
🎬 映画,映画館(上映中),しらぬひ,,札幌シネマフロンティア（中央区）で上映中,,https://press.moviewalker.jp/mv92854/
🎬 映画,映画館(上映中),ムカデ人間 4K,,札幌シネマフロンティア（中央区）で上映中,,https://press.moviewalker.jp/mv93325/
🎮 アニメ/🎬 映画,映画館(上映中),アニメ「幻想水滸伝」第1話〜第3話 <2週間先行プレミアム上映>,,札幌シネマフロンティア（中央区）で上映中,,https://press.moviewalker.jp/mv93946/
🎬 映画,映画館(上映中),機動警察パトレイバー EZY File2,,札幌シネマフロンティア（中央区）で上映中,,https://press.moviewalker.jp/mv92292/
🎬 映画,映画館(上映中),レディ・オア・ノット２,,札幌シネマフロンティア（中央区）で上映中,,https://press.moviewalker.jp/mv93086/
🎬 映画,映画館(上映中),山下達郎 シアター・ライヴ PERFORMANCE 1984-2012,,札幌シネマフロンティア（中央区）で上映中,,https://press.moviewalker.jp/mv51101/
🎬 映画,映画館(上映中),だぁれかさんとアソぼ？,,札幌シネマフロンティア（中央区）で上映中,,https://press.moviewalker.jp/mv92770/
🎬 映画,映画館(上映中),口に関するアンケート,,札幌シネマフロンティア（中央区）で上映中,,https://press.moviewalker.jp/mv91896/
🎬 映画,映画館(上映中),悲しくて美しい世界／THIS IS SPARKLEHORSE,,シアターキノ（中央区）で上映中,,https://press.moviewalker.jp/mv92715/
🎬 映画,映画館(上映中),猫を放つ,,シアターキノ（中央区）で上映中,,https://press.moviewalker.jp/mv91681/
🎬 映画,映画館(上映中),素敵すぎて素敵すぎて素敵すぎる,,シアターキノ（中央区）で上映中,,https://press.moviewalker.jp/mv89211/
🎬 映画,映画館(上映中),大統領のケーキ,,シアターキノ（中央区）で上映中,,https://press.moviewalker.jp/mv91592/
🎬 映画,映画館(上映中),恐怖分子,,シアターキノ（中央区）で上映中,,https://press.moviewalker.jp/mv29672/
🎬 映画,映画館(上映中),叛逆のサウンドトラック,,シアターキノ（中央区）で上映中,,https://press.moviewalker.jp/mv93729/
🎬 映画,映画館(上映中),雲と大地のはざまで,,シアターキノ（中央区）で上映中,,https://press.moviewalker.jp/mv93298/
🎬 映画,映画館(上映中),ストップ・メイキング・センス 4Kレストア,,シアターキノ（中央区）で上映中,,https://press.moviewalker.jp/mv84872/
🎬 映画,映画館(上映中),ナイトボーン -夜哭-,,シアターキノ（中央区）で上映中,,https://press.moviewalker.jp/mv93541/
🎬 映画,映画館(上映中),ヒトラーの毒見役,,シアターキノ（中央区）で上映中,,https://press.moviewalker.jp/mv93385/
🎬 映画,映画館(上映中),白パンと独裁者,,シアターキノ（中央区）で上映中,,https://press.moviewalker.jp/mv92931/
🎬 映画,映画館(上映中),プライベート・ケース,,シアターキノ（中央区）で上映中,,https://press.moviewalker.jp/mv93130/
🎬 映画,映画館(上映中),急に具合が悪くなる,,シアターキノ（中央区）で上映中,,https://press.moviewalker.jp/mv89723/
🎵 音楽ライブ/🎬 映画,映画館(上映中),Katy Perry: THE LIFETIMES TOUR - LIVE FROM PARIS TOHOシネマズ,,TOHOシネマズすすきの（中央区）で上映中,,https://press.moviewalker.jp/mv94126/
🎬 映画,映画館(上映中),ゴジラ×モスラ×メカゴジラ 東京SOS TOHOシネマズ,,TOHOシネマズすすきの（中央区）で上映中,,https://press.moviewalker.jp/mv40510/
🎮 アニメ/🎬 映画,映画館(上映中),機動戦士ガンダムSEED FREEDOM／少年とガンダム 機動戦士ガンダム50周年 -Road to 50- プロローグムービー TOHOシネマズ,,TOHOシネマズすすきの（中央区）で上映中,,https://press.moviewalker.jp/mv94144/
🎬 映画,映画館(上映中),八月の声を運ぶ男 TOHOシネマズ,,TOHOシネマズすすきの（中央区）で上映中,,https://press.moviewalker.jp/mv93275/
🎬 映画,映画館(上映中),ヒプノシスマイク -Division Rap Battle- TOHOシネマズ,,TOHOシネマズすすきの（中央区）で上映中,,https://press.moviewalker.jp/mv87477/
🍿 公開予定映画,映画館(公開予定・全国版),ベベフィン・ザ・ムービー：うたとまほうのピンキッツワールド,2026年9月4日公開,全国公開予定　※札幌での上映は劇場発表をご確認ください,,https://press.moviewalker.jp/mv92574/
🎮 アニメ/🍿 公開予定映画,映画館(公開予定・全国版),『獣兵衛忍風帖』4K,2026年9月4日公開,全国公開予定（アニメ／時代劇）　※札幌での上映は劇場発表をご確認ください,,https://press.moviewalker.jp/mv27556/
🍿 公開予定映画,映画館(公開予定・全国版),スワロウテイル 4Kリマスター,2026年9月4日公開,全国公開予定　※札幌での上映は劇場発表をご確認ください,,https://press.moviewalker.jp/mv93673/
🍿 公開予定映画,映画館(公開予定・全国版),THE RIBBON HERO リボンヒーロー,2026年9月4日公開,全国公開予定　※札幌での上映は劇場発表をご確認ください,,https://press.moviewalker.jp/mv93855/
🍿 公開予定映画,映画館(公開予定・全国版),ヒンド・ラジャブの声,2026年9月4日公開,全国公開予定　※札幌での上映は劇場発表をご確認ください,,https://press.moviewalker.jp/mv92336/
🍿 公開予定映画,映画館(公開予定・全国版),ホーム スイート ホーム,2026年9月4日公開,全国公開予定　※札幌での上映は劇場発表をご確認ください,,https://press.moviewalker.jp/mv93337/
🍿 公開予定映画,映画館(公開予定・全国版),SEKIRO: NO DEFEAT,2026年9月4日公開,全国公開予定　※札幌での上映は劇場発表をご確認ください,,https://press.moviewalker.jp/mv92744/
🎮 アニメ/🍿 公開予定映画,映画館(公開予定・全国版),劇場版 THE ALFEE 3000PREMIUM トラベリングバンドが刻んだ3000本の奇跡と軌跡,2026年9月4日公開,全国公開予定　※札幌での上映は劇場発表をご確認ください,,https://press.moviewalker.jp/mv93966/
🍿 公開予定映画,映画館(公開予定・全国版),猫たちと7000マイルの旅,2026年9月4日公開,全国公開予定　※札幌での上映は劇場発表をご確認ください,,https://press.moviewalker.jp/mv93537/
🍿 公開予定映画,映画館(公開予定・全国版),温泉シャーク2  九州大決戦,2026年9月4日公開,全国公開予定　※札幌での上映は劇場発表をご確認ください,,https://press.moviewalker.jp/list/coming/2026/09/
🍿 公開予定映画,映画館(公開予定・全国版),6DAYS,2026年9月4日公開,全国公開予定　※札幌での上映は劇場発表をご確認ください,,https://press.moviewalker.jp/mv93550/
🍿 公開予定映画,映画館(公開予定・全国版),戦場0地点,2026年9月4日公開,全国公開予定　※札幌での上映は劇場発表をご確認ください,,https://press.moviewalker.jp/mv93728/
🍿 公開予定映画,映画館(公開予定・全国版),グルスポングの奇跡,2026年9月4日公開,全国公開予定　※札幌での上映は劇場発表をご確認ください,,https://press.moviewalker.jp/mv93743/
🍿 公開予定映画,映画館(公開予定・全国版),イミノウム,2026年9月4日公開,全国公開予定　※札幌での上映は劇場発表をご確認ください,,https://press.moviewalker.jp/mv94132/
🍿 公開予定映画,映画館(公開予定・全国版),沼影市民プール,2026年9月5日公開,全国公開予定　※札幌での上映は劇場発表をご確認ください,,https://press.moviewalker.jp/mv90663/
🍿 公開予定映画,映画館(公開予定・全国版),先行上映,2026年9月11日公開,全国公開予定　※札幌での上映は劇場発表をご確認ください,,https://press.moviewalker.jp/list/coming/2026/09/p2/
🍿 公開予定映画,映画館(公開予定・全国版),Man,2026年9月11日公開,全国公開予定　※札幌での上映は劇場発表をご確認ください,,https://press.moviewalker.jp/mv93965/
🍿 公開予定映画,映画館(公開予定・全国版),SAMANSA presents 世界が認めた栄冠のショート傑作選,2026年9月11日公開,全国公開予定　※札幌での上映は劇場発表をご確認ください,,https://press.moviewalker.jp/mv93904/
🍿 公開予定映画,映画館(公開予定・全国版),オアシス：ドント・ルック・バック・イン・アンガー,2026年9月11日公開,全国公開予定　※札幌での上映は劇場発表をご確認ください,,https://press.moviewalker.jp/mv93884/
🍿 公開予定映画,映画館(公開予定・全国版),スターヴ・エイカー 召喚,2026年9月11日公開,全国公開予定　※札幌での上映は劇場発表をご確認ください,,https://press.moviewalker.jp/mv93719/
🍿 公開予定映画,映画館(公開予定・全国版),TAVERNA DE GAGA―人生はまだまだ面白い―,2026年9月11日公開,全国公開予定　※札幌での上映は劇場発表をご確認ください,,https://press.moviewalker.jp/mv93699/
🍿 公開予定映画,映画館(公開予定・全国版),マッチモンド,2026年9月11日公開,全国公開予定　※札幌での上映は劇場発表をご確認ください,,https://press.moviewalker.jp/mv93606/
🍿 公開予定映画,映画館(公開予定・全国版),映画「宇宙なんちゃら こてつくん」うっかり出てきた宇宙人を探せ！,2026年9月11日公開,全国公開予定　※札幌での上映は劇場発表をご確認ください,,https://press.moviewalker.jp/mv93466/
🍿 公開予定映画,映画館(公開予定・全国版),ネルソンさん、あなたは人を殺しましたか？,2026年9月11日公開,全国公開予定　※札幌での上映は劇場発表をご確認ください,,https://press.moviewalker.jp/mv93460/
🍿 公開予定映画,映画館(公開予定・全国版),私たちは、ちょうどいい。,2026年9月11日公開,全国公開予定　※札幌での上映は劇場発表をご確認ください,,https://press.moviewalker.jp/mv93250/
🍿 公開予定映画,映画館(公開予定・全国版),最終楽章 響け！ユーフォニアム 後編,2026年9月11日公開,全国公開予定　※札幌での上映は劇場発表をご確認ください,,https://press.moviewalker.jp/mv92646/
🍿 公開予定映画,映画館(公開予定・全国版),5秒で完全犯罪を生成する方法,2026年9月11日公開,全国公開予定　※札幌での上映は劇場発表をご確認ください,,https://press.moviewalker.jp/mv92541/
🍿 公開予定映画,映画館(公開予定・全国版),ルックバック,2026年9月11日公開,全国公開予定　※札幌での上映は劇場発表をご確認ください,,https://press.moviewalker.jp/mv92093/
🍿 公開予定映画,映画館(公開予定・全国版),ノクターン・イン・ブラック,2026年9月18日公開,全国公開予定　※札幌での上映は劇場発表をご確認ください,,https://press.moviewalker.jp/mv93702/
🍿 公開予定映画,映画館(公開予定・全国版),リサ・ラーソンがいた時間,2026年9月18日公開,全国公開予定　※札幌での上映は劇場発表をご確認ください,,https://press.moviewalker.jp/mv93496/
🍿 公開予定映画,映画館(公開予定・全国版),モネと時間旅行,2026年9月18日公開,全国公開予定　※札幌での上映は劇場発表をご確認ください,,https://press.moviewalker.jp/mv93468/
🍿 公開予定映画,映画館(公開予定・全国版),ワンオペレーション,2026年9月18日公開,全国公開予定　※札幌での上映は劇場発表をご確認ください,,https://press.moviewalker.jp/mv93413/
🍿 公開予定映画,映画館(公開予定・全国版),カーンターラ 炎の決戦,2026年9月18日公開,全国公開予定　※札幌での上映は劇場発表をご確認ください,,https://press.moviewalker.jp/mv93412/
🍿 公開予定映画,映画館(公開予定・全国版),ドラッグストア・カウボーイ デジタルリマスター版,2026年9月18日公開,全国公開予定　※札幌での上映は劇場発表をご確認ください,,https://press.moviewalker.jp/mv93119/
🍿 公開予定映画,映画館(公開予定・全国版),さとこはいつも,2026年9月18日公開,全国公開予定　※札幌での上映は劇場発表をご確認ください,,https://press.moviewalker.jp/mv93044/
🎮 アニメ/🍿 公開予定映画,映画館(公開予定・全国版),映画名探偵プリキュア！不思議な庭と2人の秘密,2026年9月18日公開,全国公開予定　※札幌での上映は劇場発表をご確認ください,,https://press.moviewalker.jp/mv92834/
🍿 公開予定映画,映画館(公開予定・全国版),八つ墓村,2026年9月18日公開,全国公開予定　※札幌での上映は劇場発表をご確認ください,,https://press.moviewalker.jp/mv92338/
🍿 公開予定映画,映画館(公開予定・全国版),踊る大捜査線 N.E.W. メトロポリスを駆け抜けろ！,2026年9月18日公開,全国公開予定　※札幌での上映は劇場発表をご確認ください,,https://press.moviewalker.jp/mv88341/
🍿 公開予定映画,映画館(公開予定・全国版),アベンジャーズ／エンドゲーム：アンコール,2026年9月23日公開,全国公開予定　※札幌での上映は劇場発表をご確認ください,,https://press.moviewalker.jp/mv94188/
🍿 公開予定映画,映画館(公開予定・全国版),マーダー・イン・ザ・フロント・ロウ～俺たちのベイエリア・スラッシュ物語～,2026年9月25日公開,全国公開予定　※札幌での上映は劇場発表をご確認ください,,https://press.moviewalker.jp/mv94043/
🍿 公開予定映画,映画館(公開予定・全国版),デス・バイ・メタル～デス・メタルを作った男～,2026年9月25日公開,全国公開予定　※札幌での上映は劇場発表をご確認ください,,https://press.moviewalker.jp/mv94042/
🍿 公開予定映画,映画館(公開予定・全国版),眺めのいい部屋 4K,2026年9月25日公開,全国公開予定　※札幌での上映は劇場発表をご確認ください,,https://press.moviewalker.jp/mv93955/
🍿 公開予定映画,映画館(公開予定・全国版),ユートピア 狂宴,2026年9月25日公開,全国公開予定　※札幌での上映は劇場発表をご確認ください,,https://press.moviewalker.jp/mv93893/
🍿 公開予定映画,映画館(公開予定・全国版),我々は宇宙人,2026年9月25日公開,全国公開予定　※札幌での上映は劇場発表をご確認ください,,https://press.moviewalker.jp/mv93774/
🍿 公開予定映画,映画館(公開予定・全国版),undo + PiCNiC 4Kリマスター,2026年9月25日公開,全国公開予定　※札幌での上映は劇場発表をご確認ください,,https://press.moviewalker.jp/mv93718/
🍿 公開予定映画,映画館(公開予定・全国版),しびれ,2026年9月25日公開,全国公開予定　※札幌での上映は劇場発表をご確認ください,,https://press.moviewalker.jp/mv93676/
🍿 公開予定映画,映画館(公開予定・全国版),縁の手紙,2026年9月25日公開,全国公開予定　※札幌での上映は劇場発表をご確認ください,,https://press.moviewalker.jp/mv93668/
🍿 公開予定映画,映画館(公開予定・全国版),ハート・オブ・ビースト,2026年9月25日公開,全国公開予定　※札幌での上映は劇場発表をご確認ください,,https://press.moviewalker.jp/mv93484/
🍿 公開予定映画,映画館(公開予定・全国版),襲名,2026年9月25日公開,全国公開予定　※札幌での上映は劇場発表をご確認ください,,https://press.moviewalker.jp/mv93462/
🍿 公開予定映画,映画館(公開予定・全国版),ファーストライド,2026年9月25日公開,全国公開予定　※札幌での上映は劇場発表をご確認ください,,https://press.moviewalker.jp/mv93335/
🍿 公開予定映画,映画館(公開予定・全国版),ナギダイアリー,2026年9月25日公開,全国公開予定　※札幌での上映は劇場発表をご確認ください,,https://press.moviewalker.jp/mv93202/
🍿 公開予定映画,映画館(公開予定・全国版),シャドウワーク,2026年9月25日公開,全国公開予定　※札幌での上映は劇場発表をご確認ください,,https://press.moviewalker.jp/mv93021/
🍿 公開予定映画,映画館(公開予定・全国版),藁にもすがる獣たち,2026年9月25日公開,全国公開予定　※札幌での上映は劇場発表をご確認ください,,https://press.moviewalker.jp/mv92495/
🍿 公開予定映画,映画館(公開予定・全国版),マッチング TRUE LOVE,2026年9月25日公開,全国公開予定　※札幌での上映は劇場発表をご確認ください,,https://press.moviewalker.jp/mv91932/
🍿 公開予定映画,映画館(公開予定・全国版),雌鶏,2026年9月25日公開,全国公開予定　※札幌での上映は劇場発表をご確認ください,,https://press.moviewalker.jp/mv91392/
🍿 公開予定映画,映画館(公開予定・全国版),ディスクロージャー・デイ,2026年10月1日公開,全国公開予定　※札幌での上映は劇場発表をご確認ください,,https://press.moviewalker.jp/mv92092/
🍿 公開予定映画,映画館(公開予定・全国版),逃げろお嬢さん,2026年10月2日公開,全国公開予定　※札幌での上映は劇場発表をご確認ください,,https://press.moviewalker.jp/mv93989/
🍿 公開予定映画,映画館(公開予定・全国版),歌って！,2026年10月2日公開,全国公開予定　※札幌での上映は劇場発表をご確認ください,,https://press.moviewalker.jp/mv93988/
🍿 公開予定映画,映画館(公開予定・全国版),レズビアン・スペース・プリンセス,2026年10月2日公開,全国公開予定　※札幌での上映は劇場発表をご確認ください,,https://press.moviewalker.jp/mv93845/
🍿 公開予定映画,映画館(公開予定・全国版),ポンペイ、雲の下に生きる,2026年10月2日公開,全国公開予定　※札幌での上映は劇場発表をご確認ください,,https://press.moviewalker.jp/mv93549/
🍿 公開予定映画,映画館(公開予定・全国版),デス≠キル／ゲーム,2026年10月2日公開,全国公開予定　※札幌での上映は劇場発表をご確認ください,,https://press.moviewalker.jp/mv93497/
🍿 公開予定映画,映画館(公開予定・全国版),沖晴くんの涙を殺して,2026年10月2日公開,全国公開予定　※札幌での上映は劇場発表をご確認ください,,https://press.moviewalker.jp/mv93463/
🍿 公開予定映画,映画館(公開予定・全国版),ファーストボイス,2026年10月2日公開,全国公開予定　※札幌での上映は劇場発表をご確認ください,,https://press.moviewalker.jp/mv93386/
🎮 アニメ/🍿 公開予定映画,映画館(公開予定・全国版),劇場版ダーウィンが来た！世界のネコのなかまたち,2026年10月2日公開,全国公開予定　※札幌での上映は劇場発表をご確認ください,,https://press.moviewalker.jp/mv93341/
🍿 公開予定映画,映画館(公開予定・全国版),本当にあった話（の話）,2026年10月2日公開,全国公開予定　※札幌での上映は劇場発表をご確認ください,,https://press.moviewalker.jp/mv93182/
🍿 公開予定映画,映画館(公開予定・全国版),愛し合ってるかい？　忌野清志郎が教えてくれた,2026年10月2日公開,全国公開予定　※札幌での上映は劇場発表をご確認ください,,https://press.moviewalker.jp/list/coming/2026/10/
🎮 アニメ/🍿 公開予定映画,映画館(公開予定・全国版),TVアニメ「カードファイト!! ヴァンガード 運命星戦編」劇場先行上映,2026年10月2日公開,全国公開予定　※札幌での上映は劇場発表をご確認ください,,https://press.moviewalker.jp/mv92737/
🍿 公開予定映画,映画館(公開予定・全国版),時給三〇〇円の死神,2026年10月2日公開,全国公開予定　※札幌での上映は劇場発表をご確認ください,,https://press.moviewalker.jp/mv92268/
🍿 公開予定映画,映画館(公開予定・全国版),キリコのタクト～YELL～,2026年10月2日公開,全国公開予定　※札幌での上映は劇場発表をご確認ください,,https://press.moviewalker.jp/mv90739/
🍿 公開予定映画,映画館(公開予定・全国版),プーチンの愛国教室,2026年10月3日公開,全国公開予定　※札幌での上映は劇場発表をご確認ください,,https://press.moviewalker.jp/mv93745/
🍿 公開予定映画,映画館(公開予定・全国版),ハードボイルド,2026年10月9日公開,全国公開予定　※札幌での上映は劇場発表をご確認ください,,https://press.moviewalker.jp/mv93912/
🍿 公開予定映画,映画館(公開予定・全国版),バイオハザード,2026年10月9日公開,全国公開予定　※札幌での上映は劇場発表をご確認ください,,https://press.moviewalker.jp/mv93315/
🍿 公開予定映画,映画館(公開予定・全国版),遥かな町へ,2026年10月9日公開,全国公開予定　※札幌での上映は劇場発表をご確認ください,,https://press.moviewalker.jp/mv92891/
🍿 公開予定映画,映画館(公開予定・全国版),どこよりも遠い場所にいる君へ,2026年10月9日公開,全国公開予定　※札幌での上映は劇場発表をご確認ください,,https://press.moviewalker.jp/mv92833/
🍿 公開予定映画,映画館(公開予定・全国版),ガールズ＆パンツァー 最終章 第5話,2026年10月9日公開,全国公開予定　※札幌での上映は劇場発表をご確認ください,,https://press.moviewalker.jp/mv92383/
🍿 公開予定映画,映画館(公開予定・全国版),DIGGER／ディガー,2026年10月9日公開,全国公開予定　※札幌での上映は劇場発表をご確認ください,,https://press.moviewalker.jp/mv92305/
🍿 公開予定映画,映画館(公開予定・全国版),汝、星のごとく,2026年10月9日公開,全国公開予定　※札幌での上映は劇場発表をご確認ください,,https://press.moviewalker.jp/mv90318/
🍿 公開予定映画,映画館(公開予定・全国版),演歌の坂道,2026年10月16日公開,全国公開予定　※札幌での上映は劇場発表をご確認ください,,https://press.moviewalker.jp/mv94020/
🍿 公開予定映画,映画館(公開予定・全国版),LEONIDAS,2026年10月16日公開,全国公開予定　※札幌での上映は劇場発表をご確認ください,,https://press.moviewalker.jp/mv93960/
🍿 公開予定映画,映画館(公開予定・全国版),ハイファイブ！,2026年10月16日公開,全国公開予定　※札幌での上映は劇場発表をご確認ください,,https://press.moviewalker.jp/mv93665/
🍿 公開予定映画,映画館(公開予定・全国版),真実と反逆　ナチスと闘った若きレジスタンス,2026年10月16日公開,全国公開予定　※札幌での上映は劇場発表をご確認ください,,https://press.moviewalker.jp/list/coming/2026/10/p2/
🍿 公開予定映画,映画館(公開予定・全国版),BanG Dream! Ave Mujica prima aurora,2026年10月16日公開,全国公開予定　※札幌での上映は劇場発表をご確認ください,,https://press.moviewalker.jp/mv93494/
🍿 公開予定映画,映画館(公開予定・全国版),クジラに落ちた男,2026年10月16日公開,全国公開予定　※札幌での上映は劇場発表をご確認ください,,https://press.moviewalker.jp/mv93486/
🍿 公開予定映画,映画館(公開予定・全国版),わたしの知らない子どもたち,2026年10月16日公開,全国公開予定　※札幌での上映は劇場発表をご確認ください,,https://press.moviewalker.jp/mv93085/
🍿 公開予定映画,映画館(公開予定・全国版),ストリートファイター／ザ・ムービー,2026年10月16日公開,全国公開予定　※札幌での上映は劇場発表をご確認ください,,https://press.moviewalker.jp/mv93022/
🍿 公開予定映画,映画館(公開予定・全国版),影を売る女,2026年10月16日公開,全国公開予定　※札幌での上映は劇場発表をご確認ください,,https://press.moviewalker.jp/mv92901/
🍿 公開予定映画,映画館(公開予定・全国版),青春ブタ野郎はディアフレンドの夢を見ない,2026年10月16日公開,全国公開予定　※札幌での上映は劇場発表をご確認ください,,https://press.moviewalker.jp/mv92297/
🍿 公開予定映画,映画館(公開予定・全国版),mentor,2026年10月16日公開,全国公開予定　※札幌での上映は劇場発表をご確認ください,,https://press.moviewalker.jp/mv92284/
🍿 公開予定映画,映画館(公開予定・全国版),ブレックファスト・クラブ,2026年10月16日公開,全国公開予定（青春）　※札幌での上映は劇場発表をご確認ください,,https://press.moviewalker.jp/mv7964/
🍿 公開予定映画,映画館(公開予定・全国版),Blue Heron/ブルーヘロン,2026年10月23日公開,全国公開予定　※札幌での上映は劇場発表をご確認ください,,https://press.moviewalker.jp/mv93914/
🍿 公開予定映画,映画館(公開予定・全国版),URCHIN／アーチン,2026年10月23日公開,全国公開予定　※札幌での上映は劇場発表をご確認ください,,https://press.moviewalker.jp/mv93832/
🍿 公開予定映画,映画館(公開予定・全国版),進行曲 マーチングボーイズ,2026年10月23日公開,全国公開予定　※札幌での上映は劇場発表をご確認ください,,https://press.moviewalker.jp/mv93717/
🍿 公開予定映画,映画館(公開予定・全国版),リアリティ・プラス,2026年10月23日公開,全国公開予定　※札幌での上映は劇場発表をご確認ください,,https://press.moviewalker.jp/mv93703/
🍿 公開予定映画,映画館(公開予定・全国版),昨夜は殺れたかも,2026年10月23日公開,全国公開予定　※札幌での上映は劇場発表をご確認ください,,https://press.moviewalker.jp/mv93669/
🍿 公開予定映画,映画館(公開予定・全国版),映画 ひつじのショーン かぼちゃ畑の怪物！,2026年10月23日公開,全国公開予定　※札幌での上映は劇場発表をご確認ください,,https://press.moviewalker.jp/mv93461/
🍿 公開予定映画,映画館(公開予定・全国版),BOSS／ボス,2026年10月23日公開,全国公開予定　※札幌での上映は劇場発表をご確認ください,,https://press.moviewalker.jp/mv93419/
🎮 アニメ/🍿 公開予定映画,映画館(公開予定・全国版),劇場版 前橋ウィッチーズ ～魔女見習いのエモエモリーズ～,2026年10月23日公開,全国公開予定　※札幌での上映は劇場発表をご確認ください,,https://press.moviewalker.jp/mv93039/
🍿 公開予定映画,映画館(公開予定・全国版),うるわしの宵の月,2026年10月23日公開,全国公開予定　※札幌での上映は劇場発表をご確認ください,,https://press.moviewalker.jp/mv92432/
🍿 公開予定映画,映画館(公開予定・全国版),劇場シリーズ【第一部】メイドインアビス 目覚める神秘,2026年10月23日公開,全国公開予定　※札幌での上映は劇場発表をご確認ください,,https://press.moviewalker.jp/mv92243/
🍿 公開予定映画,映画館(公開予定・全国版),魂のきせき,2026年10月24日公開,全国公開予定　※札幌での上映は劇場発表をご確認ください,,https://press.moviewalker.jp/mv91436/
🍿 公開予定映画,映画館(公開予定・全国版),韓国ミュージカル ON SCREEN 『フランケンシュタイン』,2026年10月30日公開,全国公開予定　※札幌での上映は劇場発表をご確認ください,,https://press.moviewalker.jp/mv93834/
🍿 公開予定映画,映画館(公開予定・全国版),見上げてごらん,2026年10月30日公開,全国公開予定　※札幌での上映は劇場発表をご確認ください,,https://press.moviewalker.jp/mv93571/
🍿 公開予定映画,映画館(公開予定・全国版),クレイフェイス,2026年10月30日公開,全国公開予定　※札幌での上映は劇場発表をご確認ください,,https://press.moviewalker.jp/mv93019/
🍿 公開予定映画,映画館(公開予定・全国版),RYUJI 竜二,2026年10月30日公開,全国公開予定　※札幌での上映は劇場発表をご確認ください,,https://press.moviewalker.jp/mv92572/
🍿 公開予定映画,映画館(公開予定・全国版),恒星の向こう側,2026年10月30日公開,全国公開予定　※札幌での上映は劇場発表をご確認ください,,https://press.moviewalker.jp/mv91395/
🍿 公開予定映画,映画館(公開予定・全国版),ヤマトよ永遠に REBEL3199 第七章 虹色の輪廻,2026年10月30日公開,全国公開予定　※札幌での上映は劇場発表をご確認ください,,https://press.moviewalker.jp/mv84423/
🍿 公開予定映画,映画館(公開予定・全国版),京都ALS患者嘱託殺人事件,2026年10月31日公開,全国公開予定　※札幌での上映は劇場発表をご確認ください,,https://press.moviewalker.jp/mv94044/
🍜 飲食,手動登録(年次フェス),2026さっぽろオータムフェスト,2026年9月11日(金)〜10月3日(土),大通公園（中央区）,,https://www.sapporo.travel/autumnfest/
🎵 音楽ライブ,手動登録(年次フェス),桑田佳祐 夏祭りツアー 2026 supported by カンロ 北海道公演,2026年8月27日(木)・28日(金),真駒内セキスイハイムアイスアリーナ,,https://southernallstars.jp/feature/kuwata2026live#sapporo2026
🍜 飲食,手動登録(年次フェス),Coffee Pairing Festival 2026（コーヒーペアリングフェスティバル2026）,2026年9月30日(水)〜10月6日(火),大丸札幌店 7階催事場（中央区）,,https://www.daimaru.co.jp/sapporo/coffeepairingfestival/
